_prn,.pngaa,.pngaaa,.pngaaaa,.jpgaaaaa,.pngaaaaaa,.svgaaaaaaa,.svgaaaaaaaa,.svgaaaaaaaaa,.gifaaaaaaaaaa,.pngaaaaaaaaaaa,.pngaaaaaaaaaaaa,.pngaaaaaaaaaaaaa,.svgaaaaaaaaaaaaaa,.svgaaaaaaaaaaaaaaaa,.pngaaaaaaaaaaaaaaaaaaa,.jpegaaaaaaaaaaaaaaaaaaaaaa,.pngaaaaaaaaaaaaaaaaaaaaaaaaaa,.gifaaaaaaaaaaaaah,.pngaaaaaahhhh,.pngaaaaae,.jpgaaaaalright,.gifaaaab,.jpgaaaac,.pngaaaae,.jpgaaaah,.jpgaaaai,.jpgaaaarrrghhhhh,.jpgaaab,.jpgaaabb,.jpgaaabbb,.pngaaabkakb,.pngaaac,.jpegaaaca,.jpgaaad,.pngaaae,.jpgaaaee,.pngaaah,.pngaaahh,.pngaaahhh,.jpegaaai,.bmpaaaid,.pngaaainvoice,.jpgaaal,.jpgaaalac,.jpgaaarghh,.pngaaas,.jpgaaaw,.gifaaaxis,.jpgaab,.pngaaba,.jpgaabb,.pngaabba,.jpgaabbb,.jpgaabbbb,.jpgaabbc,.jpgaabc,.jpgaabd,.pngaabt,.jpegaabzu,.pngaac,.pngaaca,.jpgaacc,.jpegaacceeggpp,.jpgaaccommodation,.pngaacd,.gifaace,.jpgaachan,.jpgaachate,.jpgaachen,.jpgaachener,.pngaacia,.jpgaacp,.pngaacr,.pngaacs,.jpgaact,.jpgaad,.jpgaada,.jpgaadapilla,.jpgaadat,.gifaadheenam,.jpgaadheenams,.jpgaadi,.jpgaadikeshavaa,.jpgaadithyanthurai,.jpgaadl,.pngaadp,.jpegaads,.jpgaadt,.jpgaadvance,.jpgaadvantage,.jpgaae,.jpgaaea,.jpegaaeaa,.pngaaec,.jpgaaee,.jpgaaerm,.jpgaaf,.jpgaafb,.jpgaafc,.jpgaafcs,.jpgaafes,.jpgaaff,.jpgaafiles,.jpgaag,.jpgaaga,.jpgaagaard,.jpgaagard,.jpgaagbi,.jpgaagc,.jpgaage,.pngaagrah,.jpgaagtdorp,.pngaah,.pngaaha,.pngaahhh,.pngaahhotep,.pngaahoa,.jpgaai,.jpgaaia,.pngaaiea,.jpgaaina,.jpgaaion,.jpgaairmail,.jpgaaiun,.pngaaja,.jpgaajkal,.jpgaak,.pngaaka,.jpgaakar,.gifaakash,.jpgaaken,.pngaakerc,.jpgaakomon,.jpgaal,.jpgaala,.pngaalappad,.pngaalas,.jpgaalbers,.jpgaalborg,.pngaalbum,.jpgaalc,.jpgaale,.jpgaalfarerias,.jpgaalhaus,.pngaalhausen,.gifaali,.jpgaaliyah,.jpgaalkap,.jpgaalkersem,.pngaall,.gifaallokkokoski,.pngaalls,.jpgaalocation,.jpgaalog,.gifaalong,.pngaalsmeer,.gifaalsmeerderbrug,.jpgaalso,.pngaalst,.gifaalt,.gifaalten,.jpgaalto,.jpgaalu,.pngaalways,.jpgaam,.jpgaamani,.pngaambode,.jpgaamen,.pngaamena,.jpgaamer,.jpegaames,.jpgaamft,.pngaami,.pngaamir,.jpgaamon,.jpgaamor,.gifaamose,.jpgaamulehti,.pngaan,.jpgaana,.pngaanaconda,.jpegaanas,.pngaanasted,.pngaanch,.jpgaanco,.jpgaand,.gifaanda,.jpgaandegwiiyaas,.jpgaandhi,.jpgaandhraprabha,.pngaandolan,.jpgaane,.jpgaanew,.jpgaang,.pngaangan,.gifaanganbari,.jpgaani,.jpgaaniin,.jpgaankhen,.jpgaankhon,.jpegaanmeldcentrum,.jpgaann,.jpgaanote,.jpgaans,.jpgaanytime,.jpgaanyway,.jpgaao,.jpgaaob,.jpgaaoc,.jpgaap,.jpgaapg,.jpgaapi,.gifaapl,.jpgaapm,.jpgaapo,.gifaappilattoq,.pngaapt,.jpgaaptos,.jpgaaq,.jpgaar,.jpgaara,.jpgaaraaf,.gifaaradhna,.jpgaarakocra,.gifaaramas,.jpgaarathi,.jpgaarau,.pngaarauerstrasse,.jpgaardman,.jpgaardoom,.jpgaardschok,.pngaardvaak,.jpgaardvark,.pngaardwolf,.jpgaare,.gifaargau,.pngaargggghhhhh,.jpgaargh,.jpgaarghh,.jpgaarhis,.jpgaarhus,.jpgaari,.jpgaark,.pngaarkan,.pngaarkus,.jpgaarnet,.jpgaarnio,.jpgaarom,.jpegaaron,.gifaarong,.jpgaaronovitch,.pngaarons,.jpgaaronsohn,.jpgaaronson,.jpgaaront,.jpgaaround,.jpgaarp,.gifaarresaari,.pngaarrow,.pngaars,.jpgaarschot,.jpgaarschotsesteenweg,.jpgaarsens,.pngaarseth,.jpgaart,.jpgaarthi,.pngaarti,.jpegaartists,.jpgaarts,.jpgaartsen,.jpgaartswoud,.jpgaarvold,.jpgaaryn,.jpegaarzi,.pngaasaa,.jpgaasaari,.pngaasal,.jpgaasane,.jpgaase,.pngaasef,.pngaasha,.pngaashiqui,.jpgaashirwad,.jpgaashow,.pngaashto,.jpgaasidra,.pngaasim,.jpgaasimar,.jpgaasimars,.jpgaasimon,.pngaaski,.pngaasld,.pngaaspects,.pngaasta,.pngaastan,.gifaastra,.jpgaastrup,.jpegaasu,.svgaasvogelberg,.jpgaat,.pngaata,.jpgaate,.pngaathe,.jpgaatin,.jpgaatm,.jpegaatma,.jpgaato,.jpgaaton,.jpgaatrix,.gifaatsr,.gifaatw,.pngaatwi,.jpgaaty,.jpegaau,.jpgaaug,.pngaauji,.jpgaav,.gifaava,.jpgaavanazhi,.jpgaave,.jpgaavelin,.jpgaavi,.jpgaavld,.jpgaavso,.pngaaw,.pngaawanle,.pngaaward,.jpgaawards,.pngaaxzpo,.jpgaay,.gifaayaase,.pngaayaash,.jpgaayen,.jpgaayiram,.jpgaazadpur,.jpgaazer,.jpgaazice,.jpgaazy,.jpgab,.jpgabaa,.pngabaadi,.jpgabab,.jpgababa,.jpgababbcc,.jpgababda,.jpgababde,.jpgabac,.pngabaca,.jpgabacab,.jpgabacaba,.jpgabacad,.gifabacavir,.pngabacha,.jpgabachor,.jpgabacivir,.pngabacka,.jpgabaco,.jpgabacomancy,.gifabacos,.jpgabacup,.jpgabacus,.pngabad,.jpgabadan,.jpgabadazad,.jpgabades,.pngabadi,.jpgabadia,.gifabadis,.pngabadsidis,.jpgabadzekhs,.pngabadzhiev,.pngabadzis,.jpgabae,.pngabaelardi,.jpgabaete,.pngabaga,.jpgabagana,.pngabagnale,.jpgabagra,.jpgabahatta,.svgabahna,.jpgabair,.jpgabaj,.jpgabajo,.jpegabakan,.jpgabakanowicz,.jpgabakivis,.gifabakua,.jpgabakumov,.jpgabakus,.jpgabakymov,.jpgaball,.pngaballava,.jpgaballister,.jpgaballone,.jpgabalo,.pngabalone,.jpgabalos,.pngabam,.pngabama,.jpgabammon,.jpgabana,.gifabanaazar,.jpgabanagan,.gifabanazar,.jpgaband,.jpgabanda,.gifabanderado,.jpgabando,.pngabandoment,.jpgabandon,.jpgabandonee,.jpgabandoning,.pngabandonment,.jpgabandonnant,.jpgabandonne,.pngabandonware,.pngabang,.jpgabangan,.jpgabano,.jpgabanot,.gifabant,.pngabante,.pngabantus,.jpegabao,.pngabap,.pngabaqa,.pngabaqus,.jpgabarat,.jpgabarbanel,.pngabare,.pngabarelix,.jpgabareq,.jpgabariringa,.jpgabaris,.jpegabarno,.jpgabaro,.gifabarrientos,.pngabarth,.jpgabasa,.gifabasement,.jpgabasgians,.pngabasha,.pngabashidze,.jpgabasic,.jpgabassa,.jpgabassi,.jpgabastecimiento,.jpgabat,.jpgabata,.jpgabatan,.jpgabatantuono,.jpgabatelis,.jpgabatement,.gifabatha,.jpegabathwa,.pngabatis,.gifabats,.jpgabattant,.jpgabattle,.jpgabattoir,.jpgabaujvariensis,.pngabaurregaina,.pngabaurrepea,.pngabavos,.jpgabawo,.jpgabax,.jpgabaxis,.jpgabay,.pngabaya,.jpgabayam,.jpgabayomi,.pngabaza,.jpgabazadze,.jpgabazas,.pngabazians,.pngabb,.pngabba,.jpgabbaaccddc,.pngabbacadabra,.jpgabbacy,.jpgabbadesse,.pngabbado,.jpgabbadon,.jpgabbage,.svgabbakum,.gifabbalabbe,.jpgabbamania,.jpgabbamonte,.jpgabban,.pngabbandonata,.jpgabbara,.jpgabbasanta,.pngabbasi,.jpgabbasian,.jpgabbasid,.pngabbasids,.pngabbasies,.jpgabbassi,.pngabbassids,.gifabbasy,.jpgabbate,.gifabbath,.jpgabbati,.jpgabbaticchio,.jpgabbatis,.jpegabbatisse,.svgabbatoir,.jpgabbatoirs,.pngabbay,.jpgabbaye,.jpgabbb,.pngabbbb,.jpgabbc,.jpgabbe,.jpgabbekerk,.gifabbenbroek,.gifabbenes,.jpgabberations,.jpgabberley,.jpgabberton,.jpgabbes,.pngabbess,.pngabbeville,.pngabbevillian,.pngabbey,.gifabbeycentre,.jpgabbeycwmhir,.pngabbeydale,.jpgabbeydore,.jpgabbeydorney,.jpegabbeyfield,.jpgabbeyhill,.jpgabbeyhills,.jpgabbeylara,.pngabbeymahon,.jpgabbeystead,.jpgabbeytown,.pngabbeyville,.jpgabbeywood,.jpegabbi,.gifabbiategrasso,.pngabbiati,.jpgabbie,.gifabbies,.pngabbiss,.jpgabbo,.jpgabbondanza,.pngabbondanzieri,.jpgabbondio,.jpgabbonu,.jpgabbot,.gifabbotsbury,.pngabbotsfield,.pngabbotsford,.jpgabbotshall,.jpgabbotsham,.pngabbotsholme,.jpgabbotskerswell,.jpgabbotslee,.pngabbotsley,.pngabbotstown,.pngabbott,.pngabbottabad,.jpgabbotts,.jpgabbottsfield,.jpgabbottstown,.gifabbou,.jpgabboud,.jpgabbox,.jpgabbr,.jpgabbraccio,.jpgabbrev,.pngabbrevation,.jpgabbreviatio,.jpgabbreviation,.jpgabbreviatures,.pngabbu,.jpgabby,.gifabbyy,.jpgabc,.jpgabca,.jpgabcas,.gifabcc,.jpegabccc,.jpgabcd,.jpgabcda,.jpgabcdefgh,.jpgabcdefghijklmnopqrstuvwxyz,.jpgabcdxyz,.jpgabcess,.jpgabcg,.jpgabciximab,.pngabclub,.jpgabcnews,.jpgabcompany,.pngabcoude,.jpgabcs,.jpgabcsystems,.jpgabctv,.jpgabctype,.jpgabcul,.jpgabcupload,.jpgabcxyz,.jpgabd,.pngabda,.jpgabdabs,.jpgabdal,.pngabdala,.jpgabdali,.jpgabdalla,.jpgabdallah,.gifabdallat,.jpgabdalmalek,.jpgabdalwadid,.gifabdanan,.pngabdank,.svgabdas,.jpgabday,.jpgabdc,.jpgabdel,.jpgabdela,.jpgabdelaziz,.jpgabdelfattah,.gifabdelkader,.jpgabdella,.pngabdellah,.pngabdellaoue,.pngabdelmalek,.jpgabdelnaby,.jpegabdelrahim,.jpgabderdeen,.jpgabderrahman,.pngabdessalem,.jpgabdey,.gifabdhaihla,.pngabdi,.jpgabdias,.jpgabdic,.jpgabdication,.jpgabdiel,.jpgabdijah,.jpgabdijstraat,.jpgabdikhiba,.jpgabdilla,.jpgabdillah,.jpgabdisho,.pngabditus,.gifabdo,.jpgabdok,.jpgabdollah,.jpegabdollahpour,.jpgabdomainland,.jpgabdomen,.jpgabdominal,.jpgabdominalis,.pngabdominocentesis,.jpgabdominoplasty,.jpgabdominus,.jpgabdon,.jpgabdou,.pngabdrashitov,.pngabdrew,.jpgabds,.pngabdu,.pngabducens,.jpgabducent,.jpgabductee,.jpgabduction,.jpgabductive,.jpgabductor,.jpgabduh,.jpgabduktio,.jpgabdul,.jpgabdulaal,.jpegabdulah,.pngabdulakhat,.jpgabdulakim,.jpgabdulayev,.jpgabdulaziz,.pngabdulhakeem,.jpgabdulie,.jpgabduljalil,.jpegabdulkaysov,.pngabdulla,.jpgabdullaah,.jpegabdullah,.gifabdullahi,.jpegabdullahpur,.jpgabdullai,.jpgabdulmesiani,.gifabdulov,.jpegabdulrahim,.gifabdulsalam,.jpgabdulsamad,.jpgabdulwahab,.jpgabdurahman,.jpgabdurakhman,.jpgabdurakhmanov,.jpgabdus,.jpgabdy,.gifabe,.jpgabear,.gifabeau,.jpgabeba,.pngabebe,.jpgabebooks,.pngabec,.jpgabecedaria,.jpgabecedarian,.jpgabecedarium,.jpegabecedary,.jpgabedare,.jpgabedeja,.jpgabedi,.jpgabednego,.jpgabedzadeh,.jpgabeef,.jpgabeel,.pngabefore,.jpgabegg,.jpgabegglen,.pngabeille,.jpgabeir,.jpgabejas,.pngabeking,.jpgabeku,.pngabel,.jpgabela,.gifabelam,.jpgabelard,.jpgabelardo,.jpgabelcet,.gifabele,.jpgabelenda,.jpgabelia,.jpgabelian,.jpgabelibrary,.pngabeliophyllum,.jpgabelisaurid,.jpgabelisaurids,.jpgabelisaurs,.pngabelisaurus,.jpgabell,.jpgabella,.jpgabellano,.jpgabelle,.pngabellio,.pngabelmosk,.jpgabelmusk,.jpgabelow,.jpgabels,.pngabelton,.gifabena,.jpgabenaki,.jpgabenakian,.jpgabenakis,.jpgabenalmao,.gifabenaquiois,.gifabenard,.jpgabenase,.pngabenbury,.jpgabencerages,.jpgabend,.jpgabendanon,.jpgabendbrot,.pngabendigo,.pngabendmahl,.jpgabendrot,.pngabendroth,.jpgabendstern,.jpgabendzeitung,.jpgabengoa,.jpgabenobashi,.jpgabenteurer,.jpgabentorosa,.jpgabeo,.pngabeokuta,.pngabeoppel,.gifabeozen,.pngaber,.jpgaberaeron,.jpgaberafon,.jpgaberaman,.pngaberamnesty,.jpgaberarad,.jpgaberavon,.jpgaberbargoed,.jpegaberbeeg,.jpgaberbeen,.jpgaberbrothick,.pngaberbrothik,.pngaberbrothock,.jpgaberbrothwick,.jpgabercarn,.jpgabercastle,.jpgaberchwiler,.pngabercius,.jpegaberconwy,.jpgabercorn,.pngabercorris,.jpgabercraf,.pngabercrombie,.pngabercromby,.svgabercynon,.jpgaberdare,.jpegaberdaron,.gifaberdeen,.gifaberdeenshire,.jpgaberdein,.pngaberdonians,.jpgaberdour,.jpgaberdovey,.jpgaberdoxy,.pngaberdulais,.gifaberdyfi,.jpgabereiddy,.gifaberelf,.pngaberfan,.jpgaberfeldy,.jpgaberffraw,.pngaberford,.pngaberfoyle,.pngaberg,.jpgabergavenny,.pngabergele,.pngabergenni,.jpgaberglaslyn,.jpgaberglasney,.gifabergorki,.jpgabergwili,.jpgabergwynfi,.jpgaberhonddu,.jpgaberjaber,.jpegaberlady,.jpgaberlour,.jpgabermawr,.gifabermiwl,.jpgabermorddu,.jpgabermud,.gifabermuds,.jpgabermule,.jpgabern,.gifabernathy,.pngabernethy,.pngabernon,.pngaberoch,.jpgaberogwen,.jpgaberporth,.pngaberrant,.jpgaberration,.jpgaberrometer,.jpgaberrometry,.pngabersannan,.jpgabershawe,.pngabersoch,.gifabersychan,.jpgabert,.pngabertal,.pngabertawe,.pngabertay,.pngaberteifi,.pngaberthaw,.jpgaberthin,.jpgabertillery,.pngaberto,.jpgabertzale,.pngaberwheeler,.pngaberwyvern,.gifaberystwith,.gifaberystwyth,.jpgabes,.jpgabesa,.pngabesalom,.jpgabest,.jpgabestosis,.jpegabeta,.pngabetalipoproteinemia,.jpgabetone,.jpgabetting,.jpgabetz,.pngabex,.jpgabey,.gifabeyond,.jpgabeyratne,.jpegabeyta,.pngabeywickrema,.jpgabf,.jpgabg,.pngabga,.pngabgar,.jpgabgdh,.jpgabgeordneten,.jpgabgeordnetenhaus,.pngabh,.jpgabha,.pngabhai,.jpgabhail,.jpgabhang,.jpgabhangs,.jpgabhar,.jpgabhay,.gifabhaya,.pngabhayagiri,.pngabhayagrama,.jpgabhayagramam,.jpgabheda,.jpgabhes,.jpgabhi,.gifabhicri,.jpgabhidhamma,.gifabhidhammas,.gifabhidharma,.gifabhidharmakosa,.jpgabhidharmakosha,.jpgabhigyanashakuntala,.pngabhijana,.jpgabhijatha,.jpgabhijeet,.jpegabhimaan,.pngabhiman,.jpgabhimanyu,.pngabhinavagupta,.jpgabhinayas,.jpgabhira,.pngabhirami,.jpgabhiras,.jpgabhisamayalankara,.pngabhiseka,.pngabhishek,.gifabhisheki,.jpgabhishiktananda,.jpgabhiyaan,.pngabhiyan,.jpgabhk,.jpgabhks,.jpgabhorrence,.gifabhorrer,.pngabhorsen,.jpgabhud,.jpgabhyanga,.jpgabhyankar,.jpgabi,.gifabia,.pngabialbon,.jpgabian,.pngabiana,.jpgabibus,.jpgabidal,.gifabidan,.jpegabidi,.jpgabidin,.jpgabidine,.jpgabiding,.jpgabidjan,.pngabids,.jpgabiegna,.jpgabiens,.pngabierta,.pngabierto,.gifabies,.jpgabietifolia,.pngabietina,.jpgabietinus,.pngabietus,.pngabigail,.gifabigaille,.jpgabigarrada,.jpegabigman,.jpgabigor,.jpegabihilan,.pngabihu,.pngabiit,.jpgabijah,.jpgabikoesno,.jpgabiku,.jpgabil,.jpgabila,.pngabildgaard,.jpgabilene,.gifabilify,.pngabiliities,.jpgabilility,.jpgabilin,.jpgabilites,.jpgabilitie,.pngability,.jpgabilitynet,.jpgabilityworks,.pngabill,.pngabilly,.pngabilov,.jpgabilty,.jpgabimelech,.gifabin,.pngabinadab,.gifabinavagupta,.jpgabing,.pngabingdon,.jpgabingdonian,.jpegabingdonians,.pngabinger,.jpgabinghall,.pngabington,.jpgabingworth,.jpgabiogenesis,.pngabiogenic,.pngabiola,.jpgabios,.pngabir,.gifabirahasa,.jpgabird,.pngabiriba,.jpgabis,.jpgabisal,.jpgabishai,.jpgabishaibah,.pngabisko,.jpgabissi,.jpgabit,.jpgabital,.jpgabitibi,.pngabitilites,.jpgabito,.jpgabitu,.jpgabitur,.jpgabiturient,.pngabiword,.pngabiyuch,.gifabizaid,.jpegabizu,.jpgabjad,.pngabjads,.pngabjection,.jpgabjusting,.pngabk,.pngabka,.jpgabkhaz,.jpgabkhazia,.pngabkhazian,.jpgabkhazians,.jpgabkommen,.pngabl,.jpgabla,.bmpablach,.jpgablack,.pngablak,.jpgablamowicz,.jpgablanitsa,.pngablasta,.jpgablastayn,.jpgablastha,.jpgablation,.jpgablative,.pngablator,.jpgablaut,.gifablebodiedness,.jpgabled,.pngabledata,.jpgableism,.pngableman,.pngableness,.jpgables,.jpgablestin,.jpgableton,.pngabletons,.pngablett,.jpgableukhov,.jpgablex,.pngableys,.jpgablism,.pngabljs,.jpgablonik,.jpgabloy,.gifablue,.jpgablute,.gifablution,.jpgablyazov,.jpgabm,.pngabma,.jpgabmc,.jpgabms,.pngabmt,.jpgabn,.pngabna,.jpgabnaki,.pngabnakis,.pngabnam,.pngabner,.jpgabnett,.jpgabnf,.jpgabnlp,.gifabnomalities,.jpgabnormality,.jpgabnudi,.pngabo,.jpgaboassy,.jpgabobo,.gifabode,.gifaboderin,.jpgabodies,.jpgabodrites,.jpgabody,.jpgaboelsaadat,.jpgaboh,.gifaboisso,.pngaboistop,.jpgaboite,.pngabojho,.jpgabolens,.pngaboleth,.pngaboleths,.pngabolghasemi,.jpgabolisher,.jpgabolishing,.jpgabolishment,.jpgabolition,.pngabolitionism,.pngabolitionist,.gifabolkheir,.jpgabomasum,.svgabomey,.pngabomination,.gifabominator,.pngabona,.pngabonda,.jpgabondance,.jpgabondonment,.jpgabong,.jpgabongameli,.jpgabonizio,.jpgabonnema,.pngabono,.jpgabonshee,.jpgaboo,.gifaboorva,.jpgaboot,.pngaboots,.jpgaboretum,.pngaboriginal,.gifaboriginalities,.jpgaborigine,.gifaborists,.jpgaborn,.jpgaborne,.jpgaborough,.jpgaborrebjerg,.jpgabort,.pngabortifacents,.jpgabortifacient,.pngaborting,.jpegabortion,.jpgabortionist,.jpgabortus,.jpgaborym,.jpgabosom,.jpgabot,.jpgabotsi,.jpgabott,.pngabou,.gifabouaouf,.jpgabouassaly,.jpgaboudi,.jpgaboue,.jpgabouet,.gifabouhalima,.jpgaboukir,.jpgaboulela,.jpgaboulker,.jpgaboulnaga,.jpgabouriou,.jpgaboutissement,.pngaboutplay,.jpgabouts,.jpegaboutus,.pngaboutwork,.jpgabouzayd,.pngabov,.pngabovenet,.jpgabovian,.pngabowd,.jpgabox,.jpgaboy,.jpegaboyne,.jpgabp,.pngabpi,.jpgabpr,.jpgabps,.jpgabq,.jpgabqaiq,.jpgabra,.pngabraam,.jpgabracadabra,.pngabradables,.jpgabradelo,.jpgabrahall,.jpgabraham,.jpgabrahamic,.jpegabrahamov,.jpgabrahams,.jpgabrahamsen,.jpgabrahamson,.jpegabrahamyan,.pngabraj,.pngabram,.gifabramatic,.jpgabramelin,.gifabramis,.jpgabramoff,.jpgabramov,.jpegabramovi,.jpgabramovic,.jpgabramovich,.pngabramovitch,.jpgabramovitz,.jpgabramovsky,.jpgabramowicz,.pngabramowitz,.jpgabramowski,.jpgabrams,.pngabramsky,.jpgabramson,.pngabran,.jpgabranches,.jpgabraod,.pngabraq,.pngabrasa,.jpegabrasax,.jpgabrasion,.jpgabrasive,.jpgabrasiveness,.jpgabravanel,.pngabraxas,.gifabraxus,.pngabrazame,.gifabre,.jpgabreaction,.pngabrego,.jpgabreks,.jpgabremon,.jpgabrene,.jpgabrera,.jpgabreschviller,.pngabreu,.gifabreviate,.jpgabrew,.jpgabrey,.jpgabri,.jpgabrictosaurus,.pngabridgement,.jpgabridgment,.pngabrikosov,.jpgabril,.pngabrilada,.jpgabrincencsis,.pngabringing,.jpgabrinovi,.jpgabro,.gifabroadlanguages,.jpgabroard,.jpgabrog,.jpgabrogation,.jpgabrogator,.jpgabrolhos,.jpegabromeit,.jpgabron,.jpgabronhill,.jpgabronia,.jpgabrotanum,.jpegabrothrix,.jpgabrsm,.jpgabrud,.pngabruka,.jpgabruption,.jpgabruptness,.pngabruptum,.jpgabruzzi,.jpgabruzzian,.jpgabruzzo,.pngabs,.jpgabsa,.jpgabsag,.jpegabsailing,.jpgabsalom,.gifabsalomichthys,.pngabsalon,.pngabsaroka,.gifabsaroke,.jpgabsbottom,.jpgabscess,.jpgabscessation,.jpgabsch,.pngabschied,.jpgabschlussbericht,.jpgabschnitt,.gifabscissa,.pngabscission,.jpgabsconder,.jpgabsconding,.jpgabsconditus,.jpgabse,.pngabseil,.jpgabseiling,.jpgabseilling,.jpgabsence,.jpgabsense,.jpgabsentee,.jpgabsenteeism,.jpgabsentia,.pngabsestos,.jpgabshaw,.jpgabsheron,.jpgabshire,.jpgabsi,.jpgabsinth,.jpgabsinthe,.pngabsintheurs,.jpgabsinthin,.pngabsinthium,.jpgabslom,.pngabsmiddle,.gifabsn,.pngabsolon,.jpegabsolum,.jpegabsolut,.jpgabsoluta,.pngabsolute,.gifabsoluteftp,.pngabsolutepunk,.pngabsolution,.jpgabsolutism,.jpgabsolutist,.jpgabsolutive,.pngabsolutly,.jpgabsolvo,.jpgabsooutes,.jpgabsoption,.jpgabsopure,.jpgabsorbance,.jpgabsorbant,.jpgabsorbatron,.pngabsorbence,.pngabsorbency,.jpgabsorbent,.jpgabsorber,.jpgabsorbsion,.jpgabsorptance,.gifabsorptiometry,.jpgabsorption,.pngabsorptivity,.bmpabsplus,.jpgabss,.jpgabssi,.jpgabssu,.pngabstainer,.jpgabstaining,.jpgabstandsprache,.pngabstemiousness,.pngabstention,.pngabstinence,.jpgabstinencia,.pngabstinentia,.jpgabstossend,.jpgabstract,.jpgabstracta,.jpgabstraction,.jpgabstractionism,.jpgabstractionist,.jpgabstractness,.jpgabstractor,.jpgabstractos,.jpgabstraite,.jpgabstudy,.jpgabstype,.jpgabsu,.pngabsurda,.jpgabsurdism,.pngabsurdist,.pngabsurdistan,.jpgabsurdity,.jpgabsurdum,.jpgabsymal,.pngabt,.pngabta,.jpgabtac,.pngabteiberg,.jpgabteilung,.jpegabthain,.pngabthane,.jpgabthorpe,.pngabtof,.jpgabtsberg,.jpgabu,.pngabua,.pngabuakwa,.pngabuakwas,.pngabualrub,.jpgabuateya,.jpgabubaes,.jpgabubakar,.jpgabubekr,.gifabucay,.pngabuchatzeira,.jpgabudhabi,.jpgabuelo,.jpgabueva,.jpgabugattas,.jpgabugida,.pngabugidas,.pngabuja,.jpgabujidi,.jpgabukar,.jpgabukhaled,.jpegabukir,.pngabuko,.jpgabul,.jpgabuladze,.jpgabulafia,.gifabulasan,.jpgabulcasis,.jpgabuli,.pngabulla,.jpgabundadots,.jpgabundance,.jpgabundantia,.gifabundia,.jpgabunds,.jpgabura,.gifaburadako,.gifaburatsu,.jpgaburiria,.jpgaburria,.jpgaburrow,.jpgabury,.pngabus,.jpgabusadora,.jpgabusai,.jpgabuse,.jpgabusedra,.jpgabuser,.jpgabusiness,.jpgabusing,.jpgabusleme,.jpgabuta,.jpgabutere,.jpgabuti,.jpgabutilon,.jpgabutment,.jpgabutter,.pngabuttment,.jpgabutua,.jpgabuy,.jpgabuyah,.jpegabuza,.jpgabv,.pngabva,.jpgabvd,.jpgabvolt,.pngabvp,.jpgabvs,.pngabw,.pngabwak,.pngabwehr,.jpgabweisung,.jpgabwertend,.jpgabx,.pngabxc,.jpegabyang,.jpgabydis,.jpgabydos,.gifabyei,.jpgabyek,.gifabyme,.jpgabyss,.jpgabyssaudio,.jpegabyssinia,.pngabyssinians,.pngabyssinnians,.jpgabzekh,.jpgabzucht,.jpgabzug,.jpgabzymes,.gifac,.pngaca,.jpgacaa,.jpgacabo,.jpgacac,.pngacace,.jpgacacia,.pngacacieae,.jpgacacio,.pngacacius,.jpgacad,.svgacadaemia,.jpgacademe,.jpgacademia,.gifacademiaverlag,.jpgacademic,.jpgacademica,.pngacademical,.jpgacademicas,.bmpacademician,.jpgacademicien,.jpgacademicism,.jpgacademico,.gifacademicos,.gifacademictalk,.pngacademicum,.pngacademie,.jpgacademiques,.pngacademy,.pngacademyaward,.jpgacademys,.jpgacadia,.pngacadian,.pngacadiana,.pngacadians,.pngacadien,.pngacadienne,.jpgacadiens,.jpgacadmecians,.jpgacaf,.jpgacafest,.gifacahti,.pngacai,.jpgacaia,.jpgacajaiba,.jpgacajal,.pngacajou,.jpgacaju,.jpgacajuiba,.jpgacal,.pngacalan,.jpgacalitus,.jpgacallam,.jpgacalyphas,.jpgacalyphoideae,.pngacamarachi,.jpgacambaro,.jpgacamera,.svgacamis,.pngacamol,.jpgacamos,.jpgacamprosate,.pngacamtopappi,.pngacan,.jpgacanceh,.pngacanfora,.jpgacanthaceae,.jpgacanthamoeba,.jpgacantharea,.jpgacanthes,.jpgacanthifolia,.gifacanthisittides,.gifacanthite,.jpgacanthocaris,.jpgacanthocephala,.gifacanthocephalan,.jpgacanthoclada,.jpgacanthodes,.jpgacanthodian,.jpgacanthodiformes,.jpgacanthodii,.jpgacanthoecidae,.jpgacantholimon,.pngacanthomatous,.jpgacanthonautilus,.jpgacanthopleura,.pngacanthopoma,.jpgacanthops,.pngacanthopterygii,.pngacanthoscurria,.jpgacanthostega,.jpgacanthuroidei,.gifacanthus,.jpgacanto,.pngacanum,.pngacaos,.pngacap,.pngacapella,.jpegacapellas,.jpgacappela,.gifacappella,.jpgacapulco,.jpgacar,.jpgacara,.gifacaras,.pngacaray,.pngacarbose,.jpgacard,.jpgacariciame,.pngacaricide,.jpgacariformes,.jpgacarin,.jpgacarina,.jpgacarine,.gifacaris,.pngacarnania,.pngacarophobia,.jpgacartia,.pngacarus,.jpgacaryas,.pngacas,.jpgacash,.jpgacassuso,.jpgacat,.jpgacatalogue,.pngacate,.pngacathcart,.jpgacathius,.jpgacatitlan,.jpgacatlan,.gifacaulis,.gifacause,.pngacav,.jpgacb,.jpgacba,.pngacbar,.gifacbe,.jpgacbf,.jpgacbl,.jpgacbn,.pngacbt,.pngacc,.pngacca,.pngaccac,.jpgaccad,.jpgaccademia,.pngaccapella,.jpgaccardi,.jpgaccardo,.jpgaccc,.jpgacccount,.pngacccounts,.jpegacce,.jpgacceglio,.jpgaccel,.svgaccelance,.jpgaccelerando,.jpgaccelerant,.pngaccelerat,.gifaccelerating,.gifacceleration,.gifaccelerato,.pngaccelerator,.jpgacceleratul,.jpgaccelerometer,.pngaccelerometry,.jpgacceleron,.pngaccellerant,.pngaccellerating,.pngaccelleration,.gifaccelrys,.jpgaccels,.jpgaccelsemi,.jpgaccent,.jpgaccento,.pngaccentology,.jpgaccentuandi,.jpgaccentuation,.jpgaccentuelle,.pngaccenture,.jpgaccentus,.gifacceptabilem,.jpgacceptability,.jpgacceptablility,.jpgacceptance,.jpgacceptancy,.jpgacceptation,.jpgacceptcard,.pngacceptedapi,.jpgaccepting,.gifacception,.pngacceptions,.pngacceptor,.pngaccesories,.jpgaccesorize,.jpgaccess,.pngaccessability,.jpgaccessable,.svgaccessdatasource,.jpgaccesserunt,.jpgaccessibar,.gifaccessibility,.jpgaccessibilitymarketing,.jpegaccessibilty,.jpgaccessibity,.pngaccessiblenet,.pngaccessiblog,.pngaccessinvestments,.jpgaccession,.jpgaccessioning,.gifaccessit,.gifaccesskeys,.pngaccessmedicne,.jpgaccesso,.pngaccessocraft,.jpgaccessor,.jpgaccessores,.jpgaccessorioes,.jpgaccessoris,.jpgaccessory,.jpgaccessscience,.pngaccesssories,.jpgaccessways,.jpegacci,.gifacciai,.jpegacciaio,.jpgacciaioli,.pngacciajuoli,.pngaccidency,.jpgaccident,.jpgaccidental,.jpgaccidentaly,.pngaccidentul,.jpgaccidia,.jpgaccidit,.pngaccido,.jpgaccies,.jpgaccio,.jpgaccion,.pngaccions,.jpgaccipit,.pngaccipiter,.jpgaccipitridae,.jpgaccipitriformes,.jpgaccipitrine,.jpgacclaim,.jpgacclamation,.jpgaccleration,.jpgacclimation,.jpgacclimatisation,.pngacclimatization,.jpgaccnt,.jpegacco,.jpgaccociation,.jpgaccolade,.jpgaccoldaes,.jpgaccolon,.jpgaccom,.pngaccomack,.pngaccomdation,.jpegaccomidation,.pngaccommadation,.jpgaccommdoation,.jpgaccommmodation,.pngaccommodat,.jpgaccommodating,.jpgaccommodation,.pngaccommodator,.jpgaccommondation,.jpgaccomodated,.gifaccomodating,.jpgaccomodation,.pngaccomodations,.pngaccomondation,.jpgaccomoodation,.gifaccompagnato,.jpgaccompanier,.jpgaccompaniment,.gifaccompanist,.jpgaccompanying,.jpgaccomplice,.gifaccomplishment,.jpgaccompong,.jpgacconage,.pngacconci,.jpgacconfig,.jpgaccont,.jpgaccor,.jpgaccord,.jpgaccordance,.jpgaccorde,.pngaccordella,.jpgaccordeon,.pngaccordia,.jpgaccordian,.gifaccordiana,.jpgaccordion,.pngaccordionist,.gifaccordis,.jpgaccornmodation,.jpgaccost,.pngaccosting,.pngaccot,.jpgaccoun,.jpegaccouncements,.jpgaccount,.pngaccounta,.jpgaccountability,.jpgaccountabilty,.jpgaccountablility,.jpgaccountaccounting,.jpgaccountanancy,.jpgaccountancy,.jpegaccountant,.jpgaccountantism,.jpgaccountbooks,.jpgaccountconnect,.jpgaccounti,.jpgaccounting,.jpgaccountingweb,.pngaccountis,.jpgaccountspayable,.jpgaccoustics,.pngaccoutability,.jpgaccouterment,.jpgaccoutrement,.jpgaccpac,.pngaccra,.jpgaccreditation,.jpgaccreditiation,.pngaccrediting,.jpgaccreditor,.jpegaccreditors,.pngaccreta,.gifaccretion,.gifaccrington,.pngaccronyms,.jpgaccross,.jpgaccroutements,.jpgaccrual,.jpgaccruement,.jpgaccs,.gifaccsct,.jpgaccssories,.jpgacct,.pngacctcom,.jpgacctdisk,.pngacctdusg,.jpgacctjob,.jpgaccton,.pngaccts,.gifacctwtmp,.jpgaccu,.jpgaccubeat,.jpgaccucard,.jpgaccuchek,.jpgaccucrimson,.gifaccudraw,.pngacculturation,.jpgaccum,.jpgaccumbens,.gifaccumilation,.jpgaccuminata,.jpgaccumoli,.svgaccumulating,.jpgaccumulation,.jpgaccumulator,.jpgaccunet,.pngaccuosto,.jpgaccuphase,.jpgaccupressure,.jpgaccupuncture,.jpgaccupunture,.jpgaccura,.svgaccuracy,.jpgaccurancy,.gifaccuread,.pngaccurist,.jpgaccursi,.jpgaccursius,.pngaccusation,.jpgaccusative,.pngaccusato,.jpgaccuscience,.pngaccused,.jpgaccuser,.jpgaccusing,.jpgaccusoft,.jpgaccutane,.jpgaccutrigger,.jpgaccuweather,.pngaccylated,.pngacd,.pngacdc,.pngacdca,.pngacdemy,.jpegacdmm,.jpgacdp,.pngacdsee,.pngace,.pngacea,.pngaceana,.pngaceatm,.jpgaceb,.jpgacebillo,.jpgacebo,.jpgacebuche,.jpgacebutolol,.jpgacec,.jpgacecas,.jpgacecomm,.pngacecr,.jpgacedades,.jpgacedb,.jpgacedia,.pngaceftp,.jpegacegens,.jpgaceh,.jpgacehnese,.jpgacei,.jpgaceite,.jpgacekids,.jpgacela,.jpgaceline,.pngacelp,.pngacem,.pngacemannon,.pngacemoglu,.pngacenaphthalene,.jpgacenaphthene,.pngacenapthene,.pngacenes,.pngacentejo,.gifacentric,.pngaceo,.jpgacephate,.pngacepromazine,.pngacequia,.jpgacer,.jpegaceraceae,.jpgaceras,.pngacerbe,.jpgacerenza,.pngaceretum,.jpgacergy,.jpgacerifolia,.jpgacerifolius,.gifacernote,.jpgacero,.jpgacerola,.jpgacerra,.pngacert,.jpgacesita,.jpgacess,.pngacessories,.jpegacestridium,.jpgacestrorhynchus,.pngacesulfam,.pngacesulfame,.gifacesw,.pngaceswitch,.jpgacet,.jpgacetabulum,.jpgacetal,.pngacetaldehyde,.svgacetaminophen,.gifacetanilide,.pngacetas,.jpgacetate,.pngacetazolamide,.pngaceti,.jpgacetin,.jpgacetoacetate,.pngacetobacter,.pngacetobutylicum,.pngacetogenesis,.gifacetogenins,.pngacetogens,.jpgacetohexamide,.pngacetonaemia,.jpgacetone,.pngacetonitirile,.pngacetonitrile,.pngacetophenone,.pngacetosa,.jpgacetosella,.jpgacetosyringone,.jpgacetoxy,.pngacetricks,.jpgacets,.jpgacetyl,.pngacetylacetonate,.pngacetylacetonates,.pngacetylacetone,.pngacetylases,.pngacetylaspartate,.pngacetylation,.pngacetylcholin,.pngacetylcholine,.pngacetylcholinesterase,.jpgacetylcysteine,.pngacetyldihydrocodeine,.pngacetylene,.jpgacetylenedicarboxylate,.jpgacetylglucosamine,.pngacetylide,.jpgacetylmethadol,.pngacetylserotonin,.pngacetyltransferase,.pngacetylytransferase,.pngacevedo,.jpgacevo,.jpgacewm,.jpgaceyalone,.jpgacf,.jpgacfest,.jpgacfi,.jpgacfield,.jpgacfor,.jpgacftu,.pngacgb,.jpgacgm,.jpgacgs,.jpgachabal,.pngachadh,.pngachaea,.pngachaeans,.jpgachaemenid,.pngachaemenids,.gifachaeologist,.jpgachai,.jpgachaia,.jpgachaintre,.jpgachakzai,.jpgachalasia,.jpgachald,.pngachalov,.jpgachalpur,.jpgachaluki,.jpgachamillai,.jpgachan,.pngachanalt,.jpgachanellan,.jpgachang,.jpgachankul,.jpgachannel,.jpgachar,.jpgachara,.pngacharacle,.jpegacharacter,.jpgacharanga,.jpgachard,.jpgachariaceae,.jpgacharif,.jpgacharii,.jpgachariyas,.jpgacharn,.pngacharnae,.jpgacharnians,.jpgacharonim,.jpgacharya,.jpgacharyas,.jpgachas,.jpgachasing,.jpgachath,.jpgachatina,.jpgachatz,.gifachawa,.pngachba,.jpgachcar,.pngachchha,.jpgache,.jpgachea,.jpgacheampong,.pngachebe,.jpgacheck,.pngacheflour,.jpgachehe,.jpgacheir,.jpgacheivements,.jpgacheiving,.jpgacheloos,.pngachelous,.jpgachema,.jpgachenbach,.pngachene,.pngachenese,.jpgachenkovil,.pngachensee,.jpgachenwall,.jpgacher,.gifacherbas,.jpgacheret,.jpegachern,.pngachernar,.pngacheron,.jpgacheson,.jpgacheta,.jpgacheton,.pngacheulean,.pngacheulian,.pngachewa,.jpgachey,.pngachham,.pngachhilea,.jpgachi,.jpgachiary,.jpgachibueno,.jpgachief,.jpgachievability,.jpgachievement,.jpgachiever,.jpgachieving,.jpgachievment,.jpgachievments,.jpgachigan,.jpgachiilleas,.jpgachild,.jpgachildas,.jpgachildren,.jpgachilds,.jpgachillea,.pngachilleion,.jpgachilleos,.jpgachilles,.gifachillini,.jpgachiltibuie,.jpgachiltone,.pngachilty,.gifachim,.gifachimenes,.jpgachimescu,.jpgachin,.pngachindarroch,.pngachine,.jpgachinese,.jpgachiness,.pngaching,.jpgachinsk,.jpgachinske,.gifachintone,.jpgachiote,.jpgachipelago,.jpgachira,.jpgachish,.jpgachishko,.jpgachison,.jpgachitophel,.jpgachived,.gifachivement,.jpgachkar,.jpgachladies,.gifachladioti,.jpgachlia,.pngachlorhydria,.pngachlya,.pngachmad,.pngachmed,.pngachmelvich,.jpgachmore,.jpgachna,.jpgachnagairn,.pngachnahannet,.jpgachnasheen,.jpgacholeplasmatales,.pngacholi,.gifacholiland,.pngachondroplasia,.pngachondrostoma,.jpgachor,.jpegachordants,.pngachr,.jpgachrafie,.jpgachrag,.jpgachray,.jpgachrist,.pngachromat,.pngachromatism,.jpgachromatopsia,.pngachromia,.pngachromobacter,.pngachromotrichia,.jpgachron,.pngachronim,.jpgachronot,.bmpachs,.jpgachsi,.jpgacht,.pngachtenberg,.jpgachter,.jpegachterberg,.jpgachterbos,.jpgachtercairn,.jpgachterhoek,.gifachterhuis,.jpgachterland,.jpgachttienhoven,.pngachtung,.svgachu,.pngachuar,.jpgachucarro,.pngachuka,.gifachumawi,.jpgachwa,.jpgachyraous,.pngachzarit,.jpgaci,.pngacia,.gifacially,.jpgaciar,.jpgaciarb,.jpgacib,.pngacicia,.jpgaciclovir,.jpgacicularis,.pngacid,.jpgacida,.jpgacidalia,.pngaciddraw,.pngacidemia,.pngacidhouse,.jpgacidification,.jpgacidifier,.jpgacidimage,.jpegacidiphilum,.pngacidithiobacillus,.jpgacidity,.jpgacidizing,.jpgacidonia,.jpgacidophile,.jpgacidophilis,.jpgacidophilus,.jpgacidopholis,.jpegacidosis,.jpgacidota,.pngacidplanet,.jpgacidulant,.jpgaciduria,.pngacie,.gifaciena,.pngacig,.jpgacii,.pngaciitem,.jpgacik,.jpgacil,.pngacilaris,.pngacilities,.jpgacilius,.pngacim,.jpgaciman,.jpgacimed,.gifacimovic,.jpgacinetobacter,.jpgacinos,.jpgacinus,.pngacion,.pngacipencer,.gifacipenser,.jpgacipenseridae,.gifacipenserinae,.pngacireale,.gifacis,.jpgacision,.jpgacislo,.pngacitivies,.jpgacitivists,.jpgacitivites,.jpgacitivities,.jpgacitivity,.jpgacitretin,.jpgacitvites,.jpgacitvity,.jpgacity,.jpgacj,.jpgack,.jpgacka,.gifackbar,.jpgackc,.jpgackee,.jpegackenhausen,.jpegacker,.jpgackerley,.pngackerman,.jpgackermann,.jpgackermans,.jpgackers,.jpgackerson,.jpgackground,.jpgackia,.jpgackies,.jpgacklam,.jpegacklan,.jpgackland,.jpgacklay,.jpgacklen,.jpgackles,.pngacklington,.jpgacklins,.gifacklom,.jpgacknowledgement,.jpgacknowledging,.jpgacknowledgment,.jpgackroyd,.jpgackus,.jpgackworth,.jpgacl,.pngaclaim,.jpgaclam,.jpgacland,.gifacle,.pngaclean,.jpgacleistorhinidae,.jpgaclinical,.jpgacls,.jpgaclu,.jpgacm,.svgacmac,.pngacmat,.pngacmd,.jpgacme,.jpgacmeism,.jpgacmi,.jpgacmopyle,.jpgacms,.pngacmt,.gifacn,.jpgacnb,.pngacne,.jpgacnfp,.jpgacni,.jpgacnida,.gifacnielsen,.jpgacnielson,.jpgaco,.jpgacoa,.jpgacocksii,.jpgacodp,.jpgacoels,.jpgacoemetae,.pngacoemeti,.jpgacog,.jpgacogedor,.jpgacogny,.jpgacokanthera,.pngacol,.pngacolhimento,.jpgacolhua,.jpegacolhuas,.jpegacoli,.jpegacollinearity,.pngacolyte,.gifacom,.gifacoma,.jpgacomb,.pngacombination,.jpgacome,.jpgacomita,.jpgacommand,.jpgacommodation,.jpgacompany,.pngacompanyment,.jpgacomplia,.gifacon,.jpgaconcagua,.jpgaconitase,.jpgaconite,.pngaconitum,.gifacons,.jpgaconsequence,.pngaconsider,.pngacontact,.jpgacop,.pngacops,.jpgacora,.pngacorah,.gifacorazado,.gifacord,.jpgacorda,.jpgacordaci,.pngacordian,.gifacordionim,.jpgacorn,.pngacornet,.jpgacornsoft,.jpgacorntools,.jpgacoro,.jpgacorp,.pngacorus,.jpgacos,.pngacosh,.pngacoss,.jpgacost,.jpgacosta,.jpgacoste,.jpgacot,.pngacott,.jpgacouchi,.jpgacount,.jpgacountability,.jpgacounting,.jpgacounts,.jpgacousence,.jpgacousmatic,.jpgacousmonium,.pngacoustemology,.jpgacoustetron,.gifacousti,.jpgacoustic,.pngacoustician,.pngacousticum,.gifacoustifan,.jpgacoustiguide,.jpgacoustyk,.pngacoutrements,.jpgacp,.jpgacpc,.jpgacpd,.jpegacpf,.jpgacpi,.gifacpm,.jpgacpo,.jpgacpos,.jpgacpr,.jpgacprc,.jpegacps,.jpgacq,.jpgacqua,.pngacquacanina,.svgacquackanonk,.jpgacquafondata,.pngacquaforte,.gifacquafredda,.pngacquagym,.bmpacquaintance,.jpgacquaintanceship,.jpgacqualagna,.pngacquamarine,.jpgacquapendente,.pngacquaro,.pngacquavella,.jpgacquaverde,.jpgacquaviva,.pngacquedolci,.pngacqui,.pngacquiescence,.jpgacquila,.pngacquin,.jpgacquirement,.jpgacquirer,.pngacquiring,.jpgacquis,.pngacquision,.jpgacquisions,.pngacquisita,.pngacquisition,.jpgacquisitioning,.pngacquisitiveness,.pngacquisiton,.pngacquisitons,.jpgacquistion,.jpgacquistions,.pngacquittal,.jpgacr,.jpgacra,.jpgacraman,.jpgacras,.pngacrasia,.jpgacrasin,.jpgacratocnus,.gifacre,.jpgacreage,.jpgacreditado,.jpgacredolo,.jpgacrefair,.pngacreide,.pngacri,.jpgacridine,.pngacriflavine,.jpgacrilic,.jpgacrimony,.jpgacris,.jpgacrise,.pngacrisis,.jpgacritarch,.pngacritarchs,.gifacritas,.jpgacrivastine,.pngacro,.jpgacrobalance,.jpgacrobat,.jpgacrobatics,.jpgacrobatidae,.jpgacrobatism,.jpgacrobot,.gifacrobounce,.jpgacroceridae,.jpgacrochaetiales,.jpgacroclinium,.jpgacrocyanosis,.pngacrodynia,.jpgacrolect,.jpgacrolein,.pngacromegalic,.jpgacromegaly,.jpgacromioclavicular,.jpgacromion,.jpgacronis,.pngacronym,.jpgacronymns,.pngacrophet,.pngacrophobia,.jpgacropogon,.jpgacropole,.jpgacropolis,.pngacropora,.jpgacroporanus,.jpgacroread,.pngacrosin,.pngacrosiphoniales,.jpgacrosternum,.jpgacrostic,.jpgacrostichoides,.jpgacroterium,.gifacrothamnus,.jpgacrow,.jpgacroyear,.jpgacrs,.gifacrux,.jpgacrwc,.jpgacry,.jpgacryl,.jpgacrylamide,.pngacrylamides,.pngacrylate,.pngacrylic,.pngacrylict,.jpgacryllic,.jpgacrylonitrile,.pngacryloyl,.jpgacrynitrile,.pngacs,.jpgacsb,.jpgacscertained,.jpgacsd,.jpgacse,.jpgacsi,.jpgacsis,.jpgacsl,.pngacsm,.jpgacsp,.jpgacss,.jpgacsv,.pngact,.gifacta,.pngactaea,.gifactaeon,.jpgactaf,.pngactalys,.gifactamed,.jpgactant,.pngactas,.pngactc,.jpgactds,.gifacte,.pngactelion,.svgacteon,.jpgacterna,.pngacteurs,.jpgactf,.jpegacth,.pngacticare,.jpgactichlor,.jpgacticles,.jpgactico,.jpgacticoat,.jpgacties,.jpgactif,.jpgactifed,.jpgactiformcool,.jpgactigall,.jpgactilyse,.gifactimax,.jpgactimel,.jpgactin,.pngacting,.jpgactinia,.gifactinide,.pngactinidia,.jpgactiniidae,.pngactinin,.jpgactinistia,.pngactinium,.gifactinobacillosis,.jpgactinobacillus,.pngactinobacteria,.pngactinocerida,.pngactinoleutin,.gifactinolite,.jpgactinometer,.jpgactinomyces,.jpgactinomycetales,.jpgactinomycete,.gifactinomycetoma,.jpgactinomycin,.gifactinorhizae,.jpgactinostrobus,.pngactinotrichida,.jpgactio,.jpgaction,.pngactionability,.pngactionaid,.jpgactional,.pngactioncam,.jpgactioned,.jpgactioneers,.pngactionentrepreneurs,.pngactioner,.jpgactionful,.jpgactioning,.pngactionism,.jpgactionists,.jpgactionline,.jpgactionlistener,.pngactionnames,.jpgactionpack,.jpgactionpacked,.gifactionpoint,.jpgactionresultinterpreter,.pngactionscript,.pngactionscripting,.pngactionspace,.jpgactiontech,.pngactiontm,.jpgactiontramps,.jpgactiopn,.svgactiq,.jpgactis,.jpgactitis,.jpgactitivies,.jpgactitivites,.jpgactitivities,.gifactium,.jpgactiv,.jpgactiva,.pngactivage,.jpgactivaron,.jpgactivation,.jpgactivator,.jpgactivboard,.jpgactivcard,.jpgactive,.pngactiveanime,.jpgactivebar,.jpegactivecall,.pngactived,.jpgactivedirectory,.pngactivedom,.jpgactivefont,.pngactivekarma,.jpgactivekids,.jpgactivelib,.jpgactivemag,.jpgactivemark,.jpgactiveness,.jpgactivepdf,.pngactiveperl,.jpgactiverecord,.pngactiveretail,.jpgactivescan,.jpgactivesite,.pngactivesports,.jpgactivestate,.pngactivesync,.jpgactivewear,.jpgactivewords,.gifactiveworld,.jpgactiveworlds,.jpgactivex,.gifactivia,.pngactivibes,.jpgactividentity,.jpgactivies,.jpgactivieties,.jpgactiviites,.jpgactiviities,.jpgactivin,.jpgactivision,.jpgactivism,.jpgactivist,.gifactivites,.pngactivitie,.jpgactivitites,.jpgactivitities,.gifactivitity,.jpgactivity,.jpgactivityconstraint,.pngactivitys,.jpgactivityspecification,.pngactivitytypes,.pngactivivites,.jpgactivmedia,.jpgactivote,.jpgactivprimary,.pngactivslate,.pngactivsts,.jpgactivstudio,.jpgactivties,.pngactivwand,.jpgactix,.jpgactman,.pngacto,.jpgactomyosin,.jpgacton,.gifactonel,.pngactor,.pngactorum,.jpegactr,.jpgactra,.pngactraiser,.pngactreses,.gifactress,.jpgactrite,.jpgactrius,.gifactrix,.pngactsa,.pngactsanticipated,.gifactsion,.jpgactspeed,.jpgactu,.jpgactualidades,.jpgactualisation,.pngactualist,.jpgactualite,.jpgactuality,.jpgactualization,.jpgactuals,.pngactualy,.pngactuaria,.jpgactuarii,.jpgactuary,.jpgactuation,.jpgactuator,.jpgactuel,.jpegactuelle,.pngactuellement,.pngactus,.jpgactv,.svgactvar,.pngactvist,.jpgactvities,.jpgactvitists,.pngacu,.jpgacua,.jpgacuario,.pngacuc,.gifacucar,.pngacuerdes,.jpgacuesta,.jpgacuitlapilco,.pngacuity,.jpgacul,.jpgaculco,.jpgaculeata,.jpgaculeatus,.gifaculight,.jpegaculocity,.pngaculturation,.pngacum,.pngacuma,.jpgacumen,.jpgacuminata,.gifacuminatissima,.jpgacuminatum,.jpgacuminatus,.jpgacuna,.jpegacuphase,.jpgacupoints,.jpgacupressure,.jpgacupucture,.pngacupuncture,.gifacupuncturist,.gifacupunture,.jpgacura,.jpgacushnet,.jpgacuson,.jpgacustica,.jpgacustomer,.jpgacuta,.gifacute,.gifacuteness,.jpgacutiformis,.jpgacuto,.pngacutus,.pngacuvision,.jpgacuvue,.jpgacuz,.pngacv,.jpgacva,.jpgacvppmpa,.pngacw,.jpgacwe,.jpgacworth,.jpgacww,.jpgacxianus,.pngacxiom,.jpgacxotlan,.jpgacyclicity,.jpgacyclics,.pngacyclovir,.jpgacyl,.pngacylase,.jpgacylation,.jpgacylglycerol,.pngacylglycerols,.pngacyloin,.pngacylprotein,.jpgacyltransferase,.pngacyltransferases,.pngacys,.pngaczna,.jpgaczo,.jpgaczyca,.gifad,.gifada,.jpegadab,.pngadabas,.gifadaboost,.pngadac,.jpgadaca,.jpgadachi,.pngadad,.pngadaeus,.jpgadaf,.gifadage,.jpegadaggio,.jpgadagia,.jpgadagio,.jpegadah,.jpgadai,.jpgadaiah,.jpgadailiah,.jpgadailton,.jpgadair,.pngadais,.jpegadaja,.pngadak,.jpgadal,.jpgadalah,.pngadalasia,.jpgadalat,.pngadalberon,.jpgadalbert,.jpgadalbertini,.jpgadalente,.pngadalet,.jpgadali,.jpegadalia,.jpgadalimumab,.jpgadalind,.jpgadalita,.jpgadalius,.jpgadalsteinsfostre,.svgadam,.jpgadama,.jpgadamant,.gifadamantane,.pngadamantidis,.jpgadamantis,.jpgadamantisaurus,.jpgadamantium,.jpgadamantius,.jpgadamantix,.jpgadamantos,.jpgadamantyl,.pngadamari,.jpgadamas,.pngadamatic,.jpgadamawa,.pngadambakkam,.jpgadambrae,.jpgadambulacrals,.gifadamc,.pngadamczak,.jpgadamczyk,.jpgadamey,.jpgadami,.jpgadamian,.pngadamich,.gifadamiecki,.pngadaminaby,.jpgadamite,.jpgadamkhel,.pngadamkus,.jpgadamlje,.jpgadamnan,.pngadamo,.jpgadamolekun,.jpgadamoski,.jpgadamov,.pngadamovic,.pngadamovich,.jpegadamowicz,.jpgadamowski,.jpgadampan,.jpegadamrusbridge,.jpgadams,.gifadamsdown,.jpegadamsengine,.pngadamses,.pngadamska,.pngadamski,.jpgadamson,.jpgadamsrill,.pngadamstown,.gifadamthwaite,.jpgadamts,.pngadamtsevych,.pngadamu,.jpgadamuz,.pngadamya,.jpgadan,.pngadana,.jpgadanaspor,.pngadancata,.jpgadance,.gifadanced,.jpgadane,.jpgadang,.pngadangbe,.jpgadangbes,.gifadanir,.jpgadaniya,.jpegadanos,.jpgadansoni,.jpgadansonia,.jpgadante,.pngadany,.jpgadanza,.jpegadaoay,.jpgadap,.jpgadapa,.jpgadapalene,.jpgadapidae,.jpgadapis,.gifadapta,.jpgadaptability,.jpgadaptating,.jpgadaptation,.jpgadaptationism,.jpegadaptationists,.jpgadaptativa,.pngadaptec,.jpgadaptech,.pngadapter,.pngadaptibility,.pngadaptin,.jpgadapting,.jpgadaption,.jpgadaptiveness,.jpgadaptivity,.jpgadaptogen,.gifadaptogenic,.pngadaptogens,.gifadaptoid,.jpgadaptol,.jpgadaptor,.jpgadar,.pngadare,.pngadarga,.jpgadario,.jpgadarsh,.jpgadarsha,.pngadas,.jpgadasa,.jpgadashi,.pngadasi,.gifadastra,.gifadat,.jpgadata,.jpgadatara,.jpgadate,.jpgadatoms,.jpgadaughter,.jpgadavad,.pngadavanced,.jpgadavi,.pngadaware,.pngaday,.jpgadays,.jpgadb,.pngadballah,.jpgadbanners,.pngadbar,.pngadbeel,.jpgadbhuta,.jpgadbhutananda,.pngadbikes,.jpgadblock,.jpgadblue,.jpgadboards,.pngadbrite,.jpgadbul,.gifadbus,.jpegadbusters,.jpgadbusting,.jpgadc,.pngadca,.jpgadcap,.jpgadcc,.jpgadcenter,.gifadcock,.pngadcocks,.jpegadcola,.jpgadcon,.gifadcouncil,.pngadcp,.jpgadcs,.pngadcult,.gifadda,.jpgaddaction,.jpegaddagio,.jpgaddahbi,.jpgaddai,.jpegaddall,.gifaddamax,.jpgaddambombb,.jpgaddamo,.pngaddams,.jpgaddane,.jpgaddanki,.jpgaddara,.jpgaddarii,.jpgaddario,.jpgaddax,.jpgaddb,.pngaddcol,.gifadddress,.jpgadddresses,.jpgaddedomarus,.jpgaddelement,.jpgaddenbrooke,.jpgaddenbrookes,.jpgaddend,.jpgaddendum,.pngaddentry,.jpgadder,.jpgadderall,.jpgadderbury,.jpgadderly,.jpgaddernhausen,.pngadderwort,.jpgaddf,.jpgaddhost,.jpgaddiators,.gifaddicited,.gifaddick,.jpegaddicks,.jpegaddicott,.gifaddict,.jpgaddiction,.jpgaddictiv,.jpegaddictively,.jpegaddictiveness,.jpgaddicton,.jpgaddidas,.pngaddidtion,.jpgaddie,.pngaddiewell,.jpegadding,.pngaddington,.pngaddins,.jpgaddinsell,.jpgaddio,.jpgaddis,.jpgaddison,.pngaddiss,.gifaddition,.jpgadditionality,.jpgaddititons,.jpgadditiva,.jpgadditive,.jpgadditivies,.jpgadditivity,.svgadditonal,.pngadditves,.jpgaddiyal,.jpgaddl,.jpgaddlesee,.pngaddlestone,.jpegaddlogix,.jpgaddme,.jpegaddmixtures,.pngaddo,.jpgaddock,.pngaddoku,.gifaddon,.pngaddons,.pngaddprinterconnection,.pngaddq,.jpgaddr,.jpgaddref,.jpgaddreses,.pngaddress,.pngaddressblock,.pngaddressbook,.pngaddresse,.jpgaddressee,.jpgaddressess,.pngaddressing,.jpgaddressivity,.pngaddresspoint,.pngaddrress,.jpgaddsia,.pngaddstr,.jpgaddsubview,.pngaddsur,.jpgaddsym,.gifaddtions,.jpgaddtogroup,.jpgaddtopup,.pngaddtype,.jpgaddu,.pngadducin,.gifadduct,.pngadduction,.jpgadductor,.jpgadductus,.jpgaddumulakatholhu,.pngaddvert,.pngaddw,.pngaddwindowsprinterconnection,.pngaddy,.gifaddyman,.pngaddysg,.pngadea,.pngadeagbo,.jpgadeal,.jpgadear,.jpgadeaze,.jpgadeb,.pngadebayo,.pngadebayor,.jpgadebisi,.jpgadebola,.jpegadebonojo,.jpgadebowale,.jpgadecco,.pngadecypenol,.pngadedapo,.jpgadedeji,.pngadedji,.jpgadeeb,.jpgadeeva,.jpgadefope,.jpgadefovir,.jpgadegree,.jpgadeigbo,.gifadeimantus,.jpgadeje,.pngadejumo,.jpgadejuyigbe,.jpgadek,.pngadekoje,.jpgadekoya,.pngadel,.gifadela,.gifadelae,.jpgadelaide,.jpgadelantamiento,.jpgadelante,.jpgadelanto,.jpgadelard,.gifadelardi,.jpgadelas,.jpgadelasia,.gifadelberger,.gifadelbert,.jpgadelbertsmiter,.pngadelchi,.gifadelchis,.pngadele,.jpegadeles,.jpgadelfi,.pngadelfos,.jpgadelgid,.jpgadelgidae,.pngadelgids,.jpgadelheid,.pngadelia,.gifadelie,.jpgadelina,.gifadeline,.gifadelise,.pngadelissa,.pngadelita,.pngadeliza,.pngadelkhah,.jpgadelkhani,.jpgadell,.jpgadella,.pngadellane,.jpgadelman,.jpgadelmare,.jpgadelmund,.jpgadeloye,.pngadelphe,.jpgadelphi,.pngadelphia,.jpgadelphiasophist,.gifadelphoi,.pngadels,.jpgadelsberg,.pngadelsheim,.pngadelson,.jpgadelsverein,.jpgadeluwoye,.pngadelyn,.jpgadem,.gifadema,.jpgademar,.jpgademir,.pngademon,.jpgadempi,.pngaden,.jpgadena,.jpgadenanthos,.pngadenas,.pngadenauer,.jpgadenaur,.jpgadendronate,.jpgadeney,.jpgadeni,.jpgadenia,.jpgadenine,.pngadeniran,.jpegadenium,.jpgadeniye,.gifadeniyi,.jpgadenocarcinoma,.jpgadenohypophysis,.jpgadenoidectomy,.jpgadenoids,.jpgadenoma,.jpgadenomatosis,.jpgadenomyosis,.jpgadenophora,.jpgadenophyllum,.jpgadenosine,.pngadenostyles,.pngadenosyl,.gifadenosylcobalamin,.gifadenosylmethionine,.jpgadenosyltransferase,.jpgadenoviridae,.gifadenovirus,.gifadentro,.jpgadenylylcytidine,.pngadeo,.jpgadeos,.jpgadeoye,.jpgadepitan,.pngadepoju,.jpegadept,.jpgadeptness,.jpgadequacy,.pngadequat,.jpgader,.pngaderholt,.pngaderibigbe,.jpegaderit,.gifaderki,.jpgaderlez,.pngaderno,.jpgaderyn,.pngadesah,.pngadesina,.jpgadesokan,.jpgadessive,.jpgadeste,.jpgadesuyi,.jpgadetomyrma,.pngadette,.jpgadeus,.jpgadeva,.jpgadevarul,.pngadevelopment,.jpgadevil,.jpgadevntures,.jpgadevrul,.jpgadevrului,.jpgadew,.gifadewole,.jpgadex,.jpgadey,.pngadeyemi,.jpgadeyeri,.pngadeyeva,.jpgadeyoe,.jpgadeyou,.jpgadf,.pngadfa,.pngadfam,.jpgadfas,.pngadfast,.pngadfed,.jpgadfi,.jpgadfilms,.pngadflent,.pngadfocus,.jpgadforce,.pngadforton,.pngadfs,.gifadfsds,.jpgadgaon,.jpgadgb,.jpgadger,.jpegadgestone,.jpgadgils,.jpgadh,.gifadha,.jpgadhair,.jpgadham,.svgadhami,.jpegadhamiya,.pngadhamiyah,.jpgadhan,.jpgadhar,.pngadhara,.pngadharous,.jpgadhaura,.pngadhd,.gifadhemar,.gifadherbal,.jpgadherence,.jpgadherens,.pngadherent,.jpgadhering,.jpgadhesiolysis,.pngadhesion,.jpgadhesive,.jpgadhesiveness,.jpgadhikaram,.jpgadhikaran,.pngadhikari,.pngadhinath,.pngadhisthana,.pngadhoc,.jpgadhokshajanand,.jpgadhokshanand,.jpgadhominator,.gifadhraa,.jpgadhyayas,.jpgadi,.pngadiabat,.pngadiabatic,.pngadiabene,.pngadiacente,.pngadiamante,.jpgadian,.jpgadiana,.jpegadianthoides,.jpgadiantiformis,.jpgadianto,.jpgadiantoid,.jpgadiantum,.jpgadiaphora,.jpgadias,.pngadiax,.jpgadibi,.jpgadiboo,.gifadic,.pngadical,.pngadicity,.jpgadicora,.jpgadicts,.jpgadidas,.pngadie,.pngadiemus,.jpgadieresis,.jpgadieu,.jpgadiew,.jpgadifax,.gifadigal,.jpgadigalar,.jpgadigaratty,.jpgadige,.jpgadigeni,.pngadigezalov,.jpgadikaari,.gifadikarams,.jpgadikeyh,.pngadil,.gifadilabad,.jpgadilabadi,.jpgadilakshmi,.jpgadilmans,.pngadilshahi,.pngadilt,.jpegadin,.pngadina,.gifadinath,.jpgadineh,.pngading,.pngadini,.jpgadinkerke,.pngadinkra,.jpgadinolfi,.jpegadio,.pngadiosi,.gifadipate,.pngadipex,.jpgadipocyte,.jpgadipocytokines,.gifadipokines,.jpgadiponectin,.jpgadipose,.pngadiposity,.jpgadipsia,.pngadipur,.pngadirim,.jpgadirondac,.jpgadirondacks,.jpgadirondak,.jpgadis,.jpegadisa,.pngadisaivas,.pngadiscourse,.pngadiserlapalle,.jpgadishakti,.jpgadisham,.jpgadisoetjipto,.jpgadit,.pngaditi,.gifaditmap,.jpgaditsite,.gifadittya,.jpgaditus,.jpgaditya,.gifadityas,.jpgadium,.pngadivasis,.jpgadive,.jpegadiveme,.jpgadiyaman,.jpgadj,.jpgadjacency,.gifadjacent,.gifadjahdura,.jpgadjarians,.pngadjarra,.jpgadjaye,.jpgadje,.jpgadjectivals,.jpgadjectivation,.pngadjective,.gifadjemian,.jpgadjida,.jpgadjoa,.pngadjohoun,.jpgadjoint,.jpgadjourning,.jpgadjournment,.jpgadjs,.jpgadjsutment,.jpgadjudication,.gifadjudicator,.gifadjule,.jpgadjunct,.jpgadjunction,.pngadjunt,.jpgadjuntas,.gifadjuration,.jpgadjustability,.pngadjustables,.jpgadjuster,.jpgadjusting,.jpgadjustment,.jpgadjustor,.jpgadjutant,.pngadjutus,.gifadjuvant,.jpgadjuvent,.jpgadkin,.jpgadkins,.jpgadkinson,.jpgadkisson,.jpgadkyns,.jpgadl,.jpgadlabs,.jpgadlai,.jpgadlam,.pngadlane,.pngadlard,.jpgadlaw,.jpgadlawan,.jpgadleman,.jpgadlen,.jpgadler,.jpgadlerangriff,.jpgadlershot,.jpgadley,.pngadli,.jpgadlib,.jpgadlin,.pngadlington,.jpgadliswil,.jpgadlocutiones,.pngadls,.gifadlumia,.gifadly,.jpgadm,.jpgadma,.jpgadmah,.pngadmail,.jpgadmanager,.jpgadmap,.jpgadmarc,.jpgadmaston,.jpgadmath,.pngadme,.jpgadmet,.pngadmete,.jpgadmeto,.jpgadmetos,.gifadmetus,.jpgadmi,.jpegadmical,.jpegadmin,.pngadmingroup,.jpgadminicle,.gifadminis,.gifadministation,.jpegadministracion,.jpgadministrat,.gifadministraters,.jpgadministratif,.gifadministratio,.jpgadministration,.jpgadministrator,.svgadministratorsalary,.pngadministratrions,.jpgadministrive,.pngadministrivia,.pngadminius,.jpgadminsitrator,.jpgadminston,.jpgadminstr,.jpgadminstration,.pngadminstrators,.jpgadmiral,.jpgadmiralenbuurt,.jpgadmirality,.jpgadmiralty,.pngadmiration,.jpgadmirer,.gifadmiroir,.jpgadmisitrator,.jpgadmissibility,.jpgadmission,.jpgadmiston,.jpgadmittal,.jpgadmittance,.jpgadmixture,.pngadmn,.pngadmob,.jpgadmod,.jpgadmonishment,.pngadmonition,.pngadmons,.jpgadmor,.pngadmpied,.jpgadms,.jpgadmt,.jpgadmyte,.gifadn,.jpgadna,.gifadnams,.jpgadnan,.gifadnatum,.pngadneh,.jpgadnews,.pngadnoc,.pngadnominal,.jpgadnominatio,.jpgadnrs,.jpgado,.jpgadobe,.pngadobo,.jpgadocia,.jpgadodb,.jpgadog,.jpegadoing,.jpgadola,.jpgadolescen,.jpgadolescence,.jpgadolescent,.jpgadolescente,.jpgadolf,.jpgadolfo,.gifadolfowo,.pngadolonta,.jpgadolph,.pngadolphe,.gifadolphson,.jpgadolphus,.gifadom,.pngadomnan,.jpgadomo,.jpgadon,.pngadonai,.jpgadonaios,.jpgadonais,.jpgadonara,.jpgadonay,.pngadoniazusae,.jpgadonibezek,.jpgadonidin,.pngadonijah,.jpgadonis,.jpgadonius,.pngadonizedek,.jpgadonomics,.pngadoor,.jpgadoptee,.pngadopter,.jpegadoption,.jpgadoptionism,.jpgadoptionist,.pngador,.jpgadora,.jpgadorada,.pngadorage,.jpgadorama,.jpgadoramus,.jpgadoration,.jpgadoratur,.jpgadoree,.jpgadoremus,.jpgadoreum,.pngadoreus,.pngadorf,.jpgadorjan,.pngadormedido,.jpgadornado,.jpgadorning,.jpgadornment,.jpgadorno,.pngadorp,.pngadosa,.pngadosea,.pngadou,.pngadoulie,.jpgadour,.pngadow,.jpegadowa,.pngadox,.gifadoxa,.jpgadoyo,.pngadoyzie,.jpgadp,.pngadpc,.jpegadpca,.jpgadpcm,.pngadpl,.pngadpositions,.jpgadprint,.jpgadpro,.pngadpss,.pngadqs,.jpgadquariums,.jpgadr,.jpgadra,.jpgadraba,.jpgadradh,.pngadraki,.pngadran,.jpegadrano,.jpgadrar,.pngadrastea,.pngadrastus,.jpgadravasti,.pngadreena,.jpgadrei,.pngadrelevance,.gifadrema,.jpgadrenal,.jpgadrenalin,.jpgadrenaline,.pngadrenalinlin,.jpgadrenarche,.gifadreno,.jpgadrenocorticotrophin,.jpgadrenoleukodystrophy,.pngadrenomedullin,.jpgadrenomyeloneuropathy,.pngadreon,.jpgadress,.pngadressbook,.jpgadresse,.gifadresseavisen,.pngadressed,.jpgadresses,.jpgadresu,.jpegadret,.jpgadria,.jpgadriaan,.jpgadriaanszoon,.jpgadriaen,.jpgadriafil,.gifadriamycin,.pngadrian,.gifadriana,.gifadriani,.jpgadrianic,.pngadriann,.gifadrianna,.jpgadrianne,.gifadriano,.gifadrianople,.jpgadrianos,.jpgadrianrowbotham,.pngadrianus,.svgadriatic,.jpgadriatica,.jpgadriatico,.jpgadriatics,.pngadriatik,.jpgadriatique,.pngadric,.pngadried,.jpgadrien,.jpgadrienne,.gifadrigole,.jpgadrin,.jpgadrink,.pngadrinking,.jpgadrock,.jpgadroitness,.jpgadromischus,.jpgadrovi,.jpgadrs,.pngadrts,.jpgadsawa,.gifadscam,.jpgadscene,.pngadsense,.pngadsett,.jpgadshead,.pngadshel,.jpgadsi,.jpgadsimilis,.pngadsis,.jpgadsl,.pngadslguide,.jpgadso,.jpegadsoa,.jpgadsorbate,.gifadsorbent,.jpgadsorbers,.jpgadsorption,.gifadsorptive,.jpgadsr,.pngadsteam,.jpegadstream,.jpgadstringent,.jpgadsum,.gifadsvertising,.pngadsw,.gifadswood,.pngadt,.pngadtech,.jpgadtenquiry,.jpgadteo,.jpgadtomi,.jpgadtracker,.pngadtrader,.jpgadtrailers,.pngadtran,.jpgadtranz,.jpgadts,.jpgadu,.jpgadua,.pngaduantage,.jpgaduba,.jpgaduc,.jpgadudu,.jpgadufe,.jpgaduice,.pngaduiendra,.jpgaduke,.jpgaduki,.jpgadukkom,.jpgadularia,.jpgadulation,.pngadulescens,.jpegadulescentiam,.pngadulesence,.jpgadulis,.jpegadulitanum,.pngadullas,.jpgadulphus,.jpgadult,.jpgadulta,.jpgadultarchy,.jpgadultdvdempire,.jpgadulterant,.jpgadulteration,.jpgadulterer,.jpgadulteress,.jpgadultery,.jpgadultescence,.jpgadultescent,.jpgadultfriendfinder,.gifadulthood,.jpgadulticiding,.jpgadulting,.jpgadultism,.gifadultophilia,.jpgadultsitesurfer,.jpgadultvideo,.pngadulyadej,.jpgadum,.jpgadumasa,.gifadumim,.jpgadumin,.pngadummim,.pngadun,.jpgadunare,.pngaduncus,.jpgadunis,.pngadur,.jpgadurni,.pngadusta,.jpgaduthurai,.jpgadv,.jpgadvacado,.jpgadvace,.jpgadvaita,.jpgadvanc,.jpgadvance,.jpgadvancecomp,.pngadvancedmc,.jpgadvancedmd,.jpgadvancedtca,.pngadvancement,.jpgadvancer,.gifadvani,.jpgadvansa,.pngadvansys,.jpgadvanta,.jpgadvantage,.jpgadvantium,.jpgadvantus,.gifadvayavajra,.gifadvc,.jpgadvcat,.pngadvcoate,.jpgadve,.jpgadvection,.gifadvena,.jpgadvent,.svgadventages,.pngadventia,.jpgadventiq,.jpgadventism,.pngadventist,.jpgadventists,.jpgadventity,.jpgadventra,.jpgadventure,.jpgadventurebox,.pngadventureland,.jpgadventurequest,.pngadventurer,.jpgadventuress,.jpgadventureworks,.pngadventurism,.pngadventurousness,.jpgadventus,.pngadvenures,.gifadvenus,.jpgadverb,.pngadverbial,.jpgadvergame,.jpgadvergames,.jpgadvergaming,.jpgadversary,.gifadversative,.pngadversity,.jpgadverstising,.jpgadversus,.jpegadvert,.jpgadvertainment,.jpgadvertisement,.jpgadvertiser,.pngadvertisiments,.jpgadvertising,.gifadvertisment,.jpgadvertisments,.jpgadvertizing,.jpgadvertorials,.pngadvfn,.jpgadvia,.jpgadvice,.jpgadviceline,.jpgadvicelines,.jpgadvicelite,.jpgadvicenow,.pngadviceshirts,.jpgadviceuk,.jpegadvil,.jpgadvisa,.jpgadvisability,.gifadvisement,.gifadviser,.jpgadvisor,.jpgadvisores,.jpgadvisory,.gifadviva,.jpgadvo,.jpgadvoca,.jpgadvocaat,.jpgadvocacy,.jpgadvocado,.jpgadvocate,.jpgadvocation,.jpgadvowsons,.pngadvpack,.jpgadvwelcome,.gifadw,.jpgadwait,.pngadware,.jpgadweek,.jpgadwell,.jpgadwen,.jpgadwent,.jpgadwick,.jpgadwoa,.jpgadwords,.jpgadx,.gifady,.gifadyar,.jpegadygazal,.jpgadygea,.jpgadyges,.jpgadygeya,.pngadyghe,.jpgadynamia,.jpegadys,.jpgadytum,.jpgadz,.gifadzakoe,.pngadze,.pngadzebill,.jpgadzine,.pngadzrai,.jpgadzuki,.jpgae,.pngaea,.jpgaeaa,.jpgaeac,.jpgaeacus,.jpgaead,.jpegaeae,.pngaeaea,.jpgaealy,.jpgaearly,.jpgaeas,.bmpaeat,.jpgaeb,.jpgaebc,.gifaebecede,.pngaebersold,.jpgaebi,.jpgaebischer,.jpgaec,.jpgaecb,.jpgaece,.jpgaecec,.jpgaechur,.jpgaecl,.jpgaecma,.jpgaecp,.pngaecs,.pngaecu,.jpgaed,.jpgaedan,.jpgaedas,.jpgaedes,.gifaedet,.jpgaedi,.jpgaedicula,.pngaedicule,.pngaediculum,.pngaediculus,.pngaedificiis,.pngaedile,.jpgaedileship,.gifaedm,.jpegaedra,.jpgaeds,.jpgaedui,.jpgaedward,.jpgaee,.pngaeea,.gifaeeu,.jpgaef,.gifaefga,.jpgaeg,.jpgaegae,.jpgaegan,.jpgaegeanet,.gifaegee,.pngaegeo,.pngaegeri,.jpegaegerter,.jpgaegeus,.pngaegialites,.jpgaegialitis,.jpgaegiceras,.jpgaegidians,.jpgaegidienberg,.svgaegidius,.pngaegina,.jpgaegion,.jpgaegira,.gifaegirine,.jpgaegis,.pngaegisthus,.jpgaegisub,.pngaegium,.jpgaegnor,.jpgaegon,.pngaegospotamos,.jpgaegs,.jpgaegypti,.jpgaegyptiaca,.jpgaegyptiacum,.pngaegyptiacus,.pngaegyptii,.pngaegyptius,.jpgaegyptopithecus,.jpgaegyptosaurus,.jpgaegyptus,.jpgaei,.jpegaeia,.pngaeiirii,.jpgaeil,.jpgaeiou,.pngaeirs,.jpgaek,.pngaeka,.gifael,.jpgaela,.jpgaelbrecht,.jpegaelf,.jpgaelfgiva,.gifaelfleda,.jpgaelfric,.pngaelfrida,.jpgaelian,.jpgaelianus,.pngaeligology,.pngaelis,.pngaelita,.jpgaelium,.jpgaelius,.gifaella,.jpgaelle,.jpgaelloans,.pngaelmann,.jpgaelred,.pngaelric,.gifaelst,.jpgaelurillus,.gifaelurodontina,.jpgaeluros,.jpgaem,.jpgaemen,.jpgaemhel,.jpgaemilia,.jpgaemilian,.jpgaemilianus,.jpgaemilii,.jpgaemilius,.jpgaeminium,.jpgaemona,.jpgaemstel,.jpgaemulatio,.pngaen,.pngaena,.jpgaenea,.jpegaenead,.jpgaeneas,.gifaeneid,.gifaenescens,.jpgaenete,.pngaeneus,.pngaengland,.jpgaengmu,.jpgaengus,.pngaenigma,.jpgaenigmatite,.gifaenippe,.gifaennchen,.jpgaenos,.pngaens,.jpgaenus,.jpgaeo,.jpgaeolian,.jpgaeolians,.jpegaeolic,.jpgaeolicus,.jpgaeolids,.jpgaeoline,.jpgaeolos,.gifaeolus,.jpgaeon,.jpgaeonium,.jpgaeorads,.pngaeos,.jpgaep,.jpgaepoc,.jpgaepona,.pngaeps,.jpegaepycamelus,.jpgaepycerotinae,.gifaequans,.pngaequatorialis,.jpgaequi,.jpgaequilibriu,.jpgaequipecten,.jpgaequos,.jpgaequus,.jpegaer,.gifaera,.pngaerade,.jpegaeranti,.pngaerarium,.pngaeras,.pngaerating,.jpgaeration,.jpgaerator,.jpgaerbon,.jpgaerc,.jpgaercap,.jpgaerdd,.jpgaerdenhout,.pngaereas,.jpgaereogramme,.jpgaereolito,.jpgaereos,.jpgaereus,.jpgaerial,.pngaerialbots,.jpgaeriales,.pngaerialist,.jpgaerialscope,.pngaerie,.jpgaerification,.jpgaeris,.jpgaeristo,.jpgaeritalia,.jpgaerith,.pngaerius,.jpgaerlex,.jpgaerlingus,.pngaerlon,.jpgaermacchi,.jpgaermod,.gifaern,.jpgaernout,.jpegaero,.pngaeroacoustics,.pngaeroallergens,.jpgaerobars,.pngaerobatic,.pngaerobatics,.jpgaerobatone,.jpgaerobe,.jpgaerobee,.jpgaerobics,.jpgaerobie,.jpgaerobiking,.jpgaerobiologist,.gifaerobot,.jpegaerobraking,.gifaerobridges,.jpgaerocaribbean,.pngaerocell,.jpgaerochamber,.jpgaerocool,.jpgaerodactyl,.gifaerodeck,.jpgaerodome,.pngaerodrom,.pngaerodrome,.jpgaerodynamicist,.pngaerodynamics,.gifaeroelasticity,.jpgaeroengine,.jpgaeroexo,.jpgaerofair,.gifaerofilms,.pngaeroflex,.jpgaeroflot,.pngaeroflotskyi,.pngaerofoil,.pngaerogel,.jpgaerogen,.jpgaerogenerators,.jpgaerogenes,.pngaerogoal,.pngaerogram,.jpgaerogramme,.gifaerojam,.jpgaerojecutivo,.pngaerojet,.pngaerokurier,.pngaerolite,.jpgaeromaritime,.pngaeromarkt,.jpgaeromedicine,.pngaeromet,.pngaeromexico,.jpgaeromodellers,.jpgaeromonas,.jpgaeron,.jpgaeronatics,.jpegaeronaut,.gifaeronautica,.svgaeronautics,.jpgaeroncas,.jpgaeronefs,.jpgaeronomy,.jpgaeronox,.jpgaeropagus,.jpgaeroperu,.svgaerophilately,.pngaerophone,.pngaeroplan,.jpgaeroplane,.pngaeroponics,.pngaeroport,.gifaeroporte,.jpgaeroports,.pngaeropostal,.pngaeropostale,.pngaeroprakt,.jpgaeroprediction,.jpgaeropuelche,.pngaerorepublica,.jpgaerosans,.jpgaerosat,.jpgaeroscelids,.jpgaerosmith,.pngaerosol,.pngaerosoles,.pngaerosonde,.jpgaerosp,.jpgaerospace,.pngaerospaceas,.jpgaerospatiale,.jpgaerospeak,.jpgaerospike,.gifaerospoke,.jpgaerostat,.jpgaerosticks,.pngaerostructure,.jpgaerosur,.jpgaerosvit,.jpgaerosystems,.pngaerotaxi,.jpgaerotech,.jpgaerotex,.pngaerotext,.pngaerotrail,.jpgaerotrain,.jpgaerotur,.jpgaeroveedramon,.jpgaerowfins,.pngaers,.pngaertgeerts,.jpgaerts,.jpgaertsz,.jpgaeru,.pngaeruginascens,.pngaeruginosa,.pngaeruginosus,.jpgaes,.pngaesa,.bmpaesc,.pngaeschines,.pngaeschlimann,.jpgaeschra,.gifaeschylos,.pngaeschylus,.gifaeschynanthus,.jpgaesculapius,.gifaesculifolia,.gifaesculus,.jpgaeshna,.jpgaesimus,.jpgaesince,.jpgaesir,.pngaesklepius,.jpgaeson,.pngaesop,.gifaesor,.jpegaespoeensis,.pngaessinga,.pngaestesis,.pngaestethics,.jpgaesthete,.jpgaesthetica,.jpgaesthetician,.jpgaestheticisation,.pngaestheticism,.jpgaesthetics,.jpgaesti,.pngaestii,.pngaestivalis,.jpgaestivaria,.jpgaestivum,.jpgaestraei,.jpgaestuarii,.jpgaet,.pngaeta,.pngaetas,.pngaetate,.jpgaetc,.jpgaeterna,.jpgaeternam,.jpgaeterne,.jpgaethelberht,.jpgaethelred,.jpgaetheopicus,.gifaethera,.pngaethereus,.gifaethetics,.jpgaethionema,.jpgaethiopia,.gifaethiopicum,.jpgaethiopicus,.jpgaethling,.jpgaethon,.jpgaethra,.pngaethusa,.jpgaetiogy,.jpgaetiology,.gifaetius,.jpgaetna,.jpgaetolia,.pngaetolian,.jpgaetolians,.pngaetos,.jpgaetosauridae,.gifaetosaurs,.jpgaetr,.jpgaeturnus,.pngaeu,.jpgaeug,.jpgaeuo,.jpgaeup,.jpgaeven,.jpgaeveryone,.jpgaeverything,.jpgaevi,.jpgaevitates,.jpgaew,.pngaewa,.jpgaews,.jpgaex,.jpgaexa,.pngaextoxicaceae,.jpgaey,.jpegaeye,.jpgaf,.pngafa,.pngafada,.pngafade,.pngafadjato,.jpgafaf,.jpegafafine,.jpgafag,.jpgafagddu,.gifafaik,.pngafall,.jpgafallach,.jpgafallon,.jpgafalon,.jpgafamado,.jpgafamelanotide,.gifafan,.gifafanasevo,.pngafanasiev,.jpgafanasievo,.jpgafanasij,.jpegafanassieff,.jpgafanassiev,.jpgafanasy,.jpgafanasyev,.jpgafang,.pngafapredesa,.jpgafaq,.jpgafar,.jpgafara,.jpgafarik,.jpgafasic,.pngafat,.pngafaxin,.gifafb,.jpgafbpss,.jpgafc,.pngafcd,.pngafcf,.jpgafcilities,.jpgafcin,.jpegafcp,.svgafcs,.pngafd,.gifafdb,.jpgafdc,.gifafear,.pngafebrile,.pngafec,.gifafellay,.jpgafen,.pngafer,.jpgaferisty,.pngaferni,.jpgafesd,.jpgafesta,.jpgafeur,.pngaffabi,.jpgaffability,.jpgaffai,.pngaffair,.jpgaffaira,.jpgaffaire,.jpgaffan,.pngaffandi,.pngaffarents,.jpgaffarer,.pngaffari,.jpgaffe,.gifaffect,.jpgaffectation,.gifaffectedness,.jpgaffection,.pngaffective,.pngaffectivemouse,.pngaffectivity,.pngaffectiviyty,.pngaffekt,.gifaffenpinscher,.jpgafference,.jpgafferences,.jpgafferents,.jpgaffettato,.jpgaffetto,.jpgafff,.jpegaffi,.pngaffiche,.jpgaffichistes,.jpgaffick,.jpgaffidavit,.jpgaffies,.pngaffiinity,.pngaffile,.pngaffiliate,.jpgaffiliaties,.jpgaffiliation,.jpgaffiliative,.pngaffilinet,.pngaffin,.pngaffinetransform,.pngaffinetransformop,.gifaffinia,.gifaffinis,.jpegaffiniti,.pngaffinity,.jpgaffirmation,.jpgaffirmative,.pngaffix,.gifaffixation,.jpgaffixhood,.jpgafflalo,.pngaffleck,.jpgaffley,.jpgafflication,.jpgaffliction,.pngaffluence,.jpgaffluent,.jpgaffluenza,.gifafflux,.pngaffly,.jpgaffoords,.gifaffordability,.pngaffordably,.jpgaffordance,.jpgaffordances,.jpgafforestation,.jpgafformative,.jpgafformentioned,.jpegaffray,.jpgaffre,.svgaffreca,.jpgaffrey,.pngaffric,.jpgaffricate,.svgaffrication,.jpgaffrie,.jpgaffront,.jpgaffrus,.pngaffry,.jpgaffs,.pngaffton,.pngaffusion,.jpgaffymax,.jpgaffymetrix,.jpgafgahnistan,.jpgafgan,.pngafganistan,.pngafge,.jpgafgestudeerden,.jpgafghan,.svgafghanaid,.gifafghani,.jpgafghaniostan,.jpgafghanistan,.jpgafgl,.pngafgodskos,.pngafgoi,.gifafgrund,.pngafi,.pngafibrinogenemia,.gifafic,.jpegafica,.jpgaficio,.gifaficion,.jpgaficionado,.jpgaficonados,.jpgafife,.pngafik,.jpgafikpo,.pngafili,.pngafilias,.jpgafima,.jpgafincado,.jpgafind,.jpgafinidades,.pngafinogenov,.jpgafip,.pngafips,.gifafis,.jpgafit,.pngafizere,.gifafj,.jpgafjrotc,.pngafk,.jpgafkan,.pngafkule,.gifafl,.pngaflac,.jpgaflah,.pngaflaq,.jpgaflatoxin,.pngaflc,.jpgaflenz,.jpgaflers,.jpgafloppy,.jpgaflos,.jpgaflow,.jpgaflp,.gifaflps,.jpgafm,.jpgafmc,.jpgafme,.gifafnan,.jpgafnor,.pngafo,.jpgafoa,.jpgafoayan,.jpgafoc,.jpegafocel,.gifafocus,.jpgafog,.jpgafognak,.jpgafon,.svgafonina,.jpgafonso,.jpgafonya,.jpgafood,.jpgafor,.jpgafora,.pngaforever,.pngaformentioned,.pngafos,.jpgafoster,.gifafounder,.jpegafour,.jpgafox,.pngafoxe,.jpgafp,.gifafpa,.pngafpaa,.jpgafpac,.jpgafpax,.jpgafpfl,.jpgafppi,.jpgafr,.gifafra,.jpgafragola,.pngaframent,.jpgafrance,.jpgafrania,.pngafranio,.jpgafranius,.jpgafranji,.jpgafras,.jpgafrasiab,.jpgafrazi,.pngafrc,.jpgafrcs,.jpgafrcsed,.jpgafred,.jpegafree,.jpgafreedom,.jpgafreeman,.pngafreet,.jpgafrera,.jpgafria,.svgafrica,.jpgafricabio,.jpegafricain,.jpgafricaine,.jpgafricam,.jpgafrican,.gifafricana,.jpgafricando,.jpgafricanet,.jpgafricanism,.jpgafricanists,.gifafricano,.jpgafricans,.jpgafricanum,.jpgafricanus,.jpgafricar,.jpgafricat,.svgafrico,.gifafricom,.pngafricville,.pngafridi,.jpgafridis,.jpgafriends,.jpegafrigator,.jpgafrigeneas,.jpgafrik,.jpgafrika,.svgafrikaaner,.jpegafrikaans,.gifafrikainstitutet,.jpegafrikakorps,.jpgafrikander,.jpgafrikaner,.gifafrikaners,.gifafrin,.jpgafrinic,.pngafriqiya,.pngafrique,.jpgafriquecentrale,.jpgafriquia,.pngafristar,.jpgafriyie,.jpgafrl,.jpgafrlca,.jpgafro,.jpgafrob,.jpgafrobeat,.pngafrocarpus,.jpgafrocentrists,.jpgafrodisiac,.jpgafrodisiaca,.jpgafrodiziak,.jpegafrodizz,.jpgafrofunk,.jpgafrofusion,.pngafromontanus,.jpgafromosia,.jpgafronaught,.jpgafropopbrasileiros,.jpgafros,.jpgafrotc,.jpgafrotheres,.jpgafrotherians,.jpgafrotropical,.jpgafrovenator,.jpgafrox,.gifafrri,.jpgafs,.pngafsane,.jpegafsariyeh,.svgafsat,.jpgafscme,.jpgafshan,.pngafshar,.jpgafshari,.pngafshr,.pngafsluitdijk,.jpgafsoc,.jpgafsoungar,.jpgafta,.jpgaftab,.jpgaftcastle,.jpgaftenblad,.JpGaftenblad,.jpgaftenposten,.jpgaftera,.jpgafterall,.jpgafterbang,.jpgafterbeat,.pngafterbirth,.pngafterbody,.pngafterburn,.gifafterburner,.pngafterburning,.jpgaftercare,.jpgaftercooler,.jpgafterdamp,.jpgaftereffect,.pngafterellen,.jpegafterglow,.jpgafterguard,.jpgafterhours,.jpgafterimage,.pngafterlame,.pngafterlife,.jpgafterlight,.jpgafterload,.pngaftermarket,.jpgaftermash,.jpgaftermath,.pngafternature,.jpgafternnoon,.gifafternoon,.pngafterparty,.gifafterplay,.jpgafters,.gifaftersales,.jpgaftershave,.jpgaftershock,.jpgaftershow,.jpgaftersong,.pngafterstep,.pngaftersun,.pngaftertaste,.jpgafterthought,.jpgaftertouch,.gifafterwars,.jpgafterwatch,.jpgafterword,.jpegafterworld,.jpgafton,.jpgaftonbladet,.gifaftra,.jpgaftrlife,.gifafts,.pngaftterwards,.jpgafty,.jpgafu,.jpgafula,.jpgafumaci,.gifafun,.jpgafurada,.jpgafuturein,.jpgafv,.pngafvallers,.jpgafvip,.jpgafvs,.jpgafwall,.jpgafx,.jpgafxentios,.jpgafyerado,.jpgafyon,.pngafzal,.gifafzelia,.jpgafzelius,.pngag,.gifaga,.jpgagab,.jpgagabus,.jpgagache,.jpgagaci,.jpgagad,.gifagada,.pngagade,.jpgagades,.jpgagadez,.jpgagadir,.jpgagadoo,.gifagaete,.pngagafay,.jpgagafonov,.jpgagafya,.jpgagagite,.jpgagah,.jpgagahi,.jpgagaiambo,.pngagaie,.pngagaint,.jpgagaisnt,.jpgagajaly,.jpgagajanian,.jpgagakov,.jpgagalactiae,.jpgagalbursa,.jpgagalei,.pngagales,.jpgagalev,.gifagalik,.jpgagalloch,.jpgagallocha,.pngagalmyla,.jpgagalofa,.jpgagam,.pngagamben,.jpgagame,.jpgagamemmnon,.bmpagamemnon,.gifagamines,.jpgagammaglobulinemia,.pngagamogenesis,.pngagamotto,.jpgagams,.jpgagamsa,.jpgagamudaiyar,.jpgagan,.pngagana,.jpgagane,.pngagang,.pngagano,.jpgaganovic,.pngaganzo,.jpgagap,.jpgagapa,.jpgagapanthus,.jpgagapas,.jpgagape,.pngagapepress,.pngagapi,.jpgagapie,.jpgagapio,.pngagapis,.jpgagapo,.pngagapov,.jpgagapporul,.jpgagar,.svgagara,.pngagarame,.jpgagarani,.jpgagarash,.pngagard,.jpgagari,.jpgagaric,.jpgagaricales,.pngagaricicola,.jpgagaricomycotina,.pngagaricus,.gifagariste,.jpgagarita,.gifagaritine,.pngagarkar,.jpgagaro,.jpegagarose,.jpgagartala,.gifagartha,.jpgagarwal,.jpgagarwals,.jpgagarwood,.jpgagascar,.jpgagasee,.jpgagassa,.pngagasse,.jpgagassi,.gifagassisi,.jpgagassiz,.gifagassizi,.jpgagastache,.jpgagastyakoodam,.jpgagastyamalai,.jpgagastyarkoodam,.jpgagat,.pngagata,.jpgagatangeghos,.pngagate,.gifagathadaemon,.pngagatharcides,.jpgagathe,.jpgagathemerus,.pngagathias,.pngagathigal,.jpgagathis,.jpgagathiyar,.jpgagathla,.gifagathobulus,.jpgagathocles,.jpgagathokleia,.jpgagathon,.pngagathonisi,.jpgagathos,.pngagatic,.jpgagatrai,.jpgagatsuma,.jpgagavaceae,.jpgagave,.pngagawa,.jpgagawam,.gifagawan,.jpgagaynst,.jpgagazi,.pngagazines,.jpgagazzano,.pngagazzi,.jpgagb,.jpgagbabi,.jpgagbada,.jpgagbalala,.pngagbande,.jpgagbatang,.jpgagbayani,.jpgagberos,.jpgagbis,.jpgagboluaje,.jpgagbonlahor,.pngagboola,.jpgagboyibo,.jpegagbr,.jpgagbrigg,.pngagbu,.pngagc,.jpgagcare,.jpegagcas,.jpgagcat,.jpgagci,.bmpagcl,.jpgagco,.jpgagcsa,.gifagcsi,.jpgagda,.jpegagde,.svgagden,.pngagder,.pngagdir,.jpgagdlp,.jpgage,.jpgagecroft,.pngageer,.jpgageev,.jpgagege,.pngagegroups,.jpgageha,.jpgageia,.pngageinfo,.gifageing,.jpgageism,.jpgagelasto,.jpgageline,.pngagell,.jpgagemochi,.jpgagemsa,.pngagen,.jpgagena,.jpgagenaou,.jpgagenbroad,.jpgagence,.pngagences,.jpgagencija,.pngagency,.jpgagencyas,.jpgagenda,.jpgagendae,.jpgagendamalaysia,.jpgagender,.pngagendorum,.pngagendum,.jpgagendus,.jpgageneration,.jpgagenesis,.gifageng,.gifagenices,.pngagenies,.pngagenisis,.jpgagenor,.jpgagenoria,.jpgagenry,.jpgagens,.jpgagent,.svgagentbuilder,.jpgagentification,.jpgagenting,.jpgagentive,.jpgagentlaw,.pngagento,.pngagentonline,.jpgagentsheets,.jpgagentspeak,.jpgagentur,.jpgageod,.pngageplay,.jpgagepuk,.jpgager,.jpgageratina,.pngageratum,.jpgagere,.pngagerholm,.jpgagerman,.jpg